WKT,id,identifiant,numero,adresse,postal,commune,source,geom,date,X,Y,densite
"POINT (609852.714174485 6862872.93793714)","3",786810012Y-36,"36",Rue du Centre,"78770",Villiers-le-Mahieu,OSM,01010000206A0800002F47A86D799C22417F29073C062E5A41,2020-03-19,609852.714174485,6862872.93793714,"256"
"POINT (613136.086982 6863328.65782621)","13",783640100X-7,"7",Rue des Champs,"78770",Marcq,OSM,01010000206A0800009BE7882C20B6224117D3192A782E5A41,2020-03-19,613136.086982,6863328.65782621,"260"
"POINT (627846.17585731 6862429.04614899)","16",785710720W-10,"10",Chemin du Trou � Sable,"78860",Saint-Nom-la-Bret�che,OSM,01010000206A08000026F8095A0C292341E61AF442972D5A41,2020-03-19,627846.17585731,6862429.04614899,"1247"
"POINT (626206.317346528 6859062.24799996)","17",781650320B-18,"18",Avenue des Fr�res Lumi�re,"78340",Les Clayes-sous-Bois,OSM,01010000206A0800007B3E7BA23C1C23413B3BDF8F4D2A5A41,2020-03-19,626206.317346528,6859062.24799996,"4004"
"POINT (617401.326905077 6862061.78702276)","25",780620402N-14,"14",Rue Moreau,"78650",Beynes,CAD,01010000206A0800002D1A60A772D72241B6945E723B2D5A41,2020-03-19,617401.326905077,6862061.78702276,"759"
"POINT (616415.122663125 6865383.58353138)","26",784150030Z-9,"9",Rue de l'Ormoir,"78124",Montainville,OSM,01010000206A08000080B3CD3EBECF2241029458E579305A41,2020-03-19,616415.122663125,6865383.58353138,"245"
"POINT (625951.152525206 6871682.59145064)","29","786720142D-25","25",All�e du Coteau,"78670",Villennes-sur-Seine,OSM,01010000206A080000A5C8174E3E1A2341C953DAA5A0365A41,2020-03-19,625951.152525206,6871682.59145064,"1340"
"POINT (611593.453476131 6872841.36361138)","31",784020210B-16,"16",Chemin de l'�pine,"78970",M�zi�res-sur-Seine,OSM,01010000206A080000FE052EE812AA2241A6684557C2375A41,2020-03-19,611593.453476131,6872841.36361138,"536"
"POINT (628053.879168863 6862409.00395607)","32",785710460N-16,"16",Rue du Moulin � Vent,"78860",Saint-Nom-la-Bret�che,OSM,01010000206A080000D76B22C2AB2A2341F2D04040922D5A41,2020-03-19,628053.879168863,6862409.00395607,"1361"
"POINT (616402.378208743 6857775.06553687)","36",784430200M-3,"3",Rue de la Porte de Vicq,"78640",Neauphle-le-Vieux,C+O,01010000206A0800008D93A4C1A4CF22418DC131C40B295A41,2020-03-19,616402.378208743,6857775.06553687,"352"
"POINT (626576.320070362 6873029.42032296)","44",783840380P-20B,20BIS,Rue de la Seine,"78670",M�dan,C+O,01010000206A0800003643E0A3201F23414892E65AF1375A41,2020-03-19,626576.320070362,6873029.42032296,"711"
"POINT (615778.484788213 6869751.40728699)","51",78380B036P-5230,"5230",Dessus du Moulin de la Cha,"78580",Maule,CAD,01010000206A0800001F2936F8C4CA224176FD10DABD345A41,2020-03-19,615778.484788213,6869751.40728699,"544"
"POINT (619765.223982752 6858451.36550016)","65",785500260M-1,"1",Rue Voltaire,"78640",Saint-Germain-de-la-Grange,OSM,01010000206A08000007DEAD72EAE92241C45A64D7B4295A41,2020-03-20,619765.223982752,6858451.36550016,"1204"
"POINT (623884.105919822 6858063.33145218)","77",784900325U-50,"50",Chemin des Iris,"78370",Plaisir,C+O,01010000206A080000731F3B36180A2341398336D553295A41,2020-03-20,623884.105919822,6858063.33145218,"2733"
"POINT (618305.90055338 6861319.00884807)","81",780620512H-26,"26",Rue des Saules,"78650",Beynes,OSM,01010000206A080000245515CD83DE22417BF790C0812C5A41,2020-03-20,618305.90055338,6861319.00884807,"709"
"POINT (621060.898867235 6858235.19387814)","86",784900429G-10,"10",Impasse Maurice Barr�s,"78370",Plaisir,OSM,01010000206A080000825338CC09F42241DE7F68CC7E295A41,2020-03-21,621060.898867235,6858235.19387814,"1023"
"POINT (624638.669105223 6871653.94615134)","90",784660220J-96,"96",Rue de Bures,"78630",Orgeval,OSM,01010000206A080000B1F59456FD0F23415EBE8D7C99365A41,2020-03-21,624638.669105223,6871653.94615134,"854"
"POINT (620720.066296638 6873357.86976347)","94",782060200T-46,"46",Rue des Vignes,"78920",Ecquevilly,OSM,01010000206A08000006A2F12160F122416934AA7743385A41,2020-03-21,620720.066296638,6873357.86976347,"1080"
"POINT (623674.716470754 6858674.68789779)","107","784900472D-36","36",Rue Orson Welles,"78370",Plaisir,OSM,01010000206A0800003441D56E75082341798406ACEC295A41,2020-03-21,623674.716470754,6858674.68789779,"2632"
"POINT (624959.712904563 6864298.82424674)","115",782330045G-82,"82",Grande Rue,"78810",Feucherolles,OSM,01010000206A080000ACD3016D7F1223416375C0B46A2F5A41,2020-03-21,624959.712904563,6864298.82424674,"997"
"POINT (619151.954504452 6862115.49277069)","120",780620447M-41,"41",Chemin de Paris,"78650",Beynes,OSM,01010000206A080000BBCEB4E81FE52241178E89DF482D5A41,2020-03-21,619151.954504452,6862115.49277069,"1118"
"POINT (627316.639550792 6856623.95322262)","140",780730597C-33,"33",Rue Simone Signoret,"78390",Bois-d'Arcy,OSM,01010000206A08000092337347E9242341729901FDEB275A41,2020-03-21,627316.639550792,6856623.95322262,"939"
"POINT (619734.60769939 6862797.31155892)","143",780620560K-38,"38",Rue des Violettes,"78650",Beynes,OSM,01010000206A080000DE5F2437ADE92241CE94F053F32D5A41,2020-03-21,619734.60769939,6862797.31155892,"863"
"POINT (625897.809307731 6859579.60066202)","148",786740490Y-8,"8",Rue Edmond Michelet,"78450",Villepreux,OSM,01010000206A0800003D955D9ED31923411D3F71E6CE2A5A41,2020-03-22,625897.809307731,6859579.60066202,"2333"
"POINT (622698.534273006 6857916.66458122)","156",784900020M-7,"7",Rue Alexandre Dumas,"78370",Plaisir,OSM,01010000206A080000423B8C11D5002341AE7F882A2F295A41,2020-03-22,622698.534273006,6857916.66458122,"1264"
"POINT (604517.355949857 6872042.09789323)","157",786470060Y-7,"7",Chemin des Cauvilles,"78930",Vert,OSM,01010000206A080000420F3FB6CA722241F5E14386FA365A41,2020-03-22,604517.355949857,6872042.09789323,"429"
"POINT (611902.321736134 6874002.5473015)","160",784020620X-103,"103",Rue Nationale,"78970",M�zi�res-sur-Seine,OSM,01010000206A0800003E99BAA47CAC2241E1FC06A3E4385A41,2020-03-22,611902.321736134,6874002.5473015,"906"
"POINT (613655.154691141 6873168.3309207)","165",782170201W-2,"2",All�e de Chanouville,"78680",�p�ne,C+O,01010000206A0800005EAD334F2EBA224105CE2D1514385A41,2020-03-22,613655.154691141,6873168.3309207,"1008"
"POINT (625180.4926671 6858448.8912528)","167",781650370F-72,"72",Rue Henri Prou,"78340",Les Clayes-sous-Bois,OSM,01010000206A080000B7DC3EFC381423412A490A39B4295A41,2020-03-22,625180.4926671,6858448.8912528,"2869"
"POINT (618109.726770913 6857973.43679578)","171",786830660U-8,"8",Rue de la Vierge,"78640",Villiers-Saint-Fr�d�ric,OSM,01010000206A08000031511B74FBDC22414C76F45B3D295A41,2020-03-22,618109.726770913,6857973.43679578,"1078"
"POINT (620407.287295625 6868498.4737283)","172",780100034P-1,"1",Clos de la Moutonni�re,"78580",Les Alluets-le-Roi,OSM,01010000206A08000087691893EEEE22417E90519E84335A41,2020-03-22,620407.287295625,6868498.4737283,"486"
"POINT (628002.24081127 6862198.02500699)","175",785710126A-5,"5",Rue Charles de Gaulle,"78860",Saint-Nom-la-Bret�che,OSM,01010000206A080000659D4B7B442A2341EDB699815D2D5A41,2020-03-22,628002.24081127,6862198.02500699,"1210"
"POINT (625956.613955509 6862141.51733729)","177",781520072N-4,"4",All�e des Capucines,"78450",Chavenay,OSM,01010000206A0800006360583A491A2341DA0D1C614F2D5A41,2020-03-22,625956.613955509,6862141.51733729,"714"
"POINT (624234.77767509 6873029.59806982)","179","786430418E-27","27",Rue Philippe de Beaumanoir,"78540",Vernouillet,OSM,01010000206A080000EC6D2B8ED50C2341A5C64666F1375A41,2020-03-22,624234.77767509,6873029.59806982,"529"
"POINT (620978.024236762 6868874.10820059)","181",780100023C-2,"2",Chemin des Gen�ts d'Albert,"78580",Les Alluets-le-Roi,C+O,01010000206A080000C6C2680C64F322412FC2EC86E2335A41,2020-03-22,620978.024236762,6868874.10820059,"504"
"POINT (627563.680984271 6862429.79140248)","209",785710126A-60,"60",Rue Charles de Gaulle,"78860",Saint-Nom-la-Bret�che,OSM,01010000206A0800006BF8A95CD72623419756A672972D5A41,2020-03-23,627563.680984271,6862429.79140248,"947"
"POINT (627002.254957669 6857918.03685242)","211",786740126C-1,"1",Avenue Bicherel,"78450",Villepreux,OSM,01010000206A080000C5CF8982742223413ECA5B822F295A41,2020-03-23,627002.254957669,6857918.03685242,"1676"
"POINT (609762.781828081 6862973.75888306)","224",786810066G-4,"4",All�e de la Plaine,"78770",Villiers-le-Mahieu,OSM,01010000206A08000031C54B90C59B2241458A91701F2E5A41,2020-03-24,609762.781828081,6862973.75888306,"256"
"POINT (612911.065405257 6863153.54748183)","242",783640180J-2,"2",Sentier de la Natterie,"78770",Marcq,OSM,01010000206A0800003ECC7C215EB4224139F109634C2E5A41,2020-03-24,612911.065405257,6863153.54748183,"239"
"POINT (627997.448811724 6862562.27662968)","246",785710170Y-12,"12",Rue Claude Monet,"78860",Saint-Nom-la-Bret�che,OSM,01010000206A08000078A6CAE53A2A2341F84CB491B82D5A41,2020-03-24,627997.448811724,6862562.27662968,"1384"
"POINT (626435.805539186 6858973.48382908)","247",781650855H-60,"60",Avenue de Villepreux,"78340",Les Clayes-sous-Bois,OSM,01010000206A080000D8A16F9C071E23413A0EF75E372A5A41,2020-03-24,626435.805539186,6858973.48382908,"3864"
"POINT (617488.684730229 6862182.31280635)","258",780620480Y-51,"51",Rue de la R�publique,"78650",Beynes,OSM,01010000206A080000E8F5945E21D82241F0040594592D5A41,2020-03-24,617488.684730229,6862182.31280635,"779"
"POINT (617353.070344496 6861914.79374302)","259",780620402N-23,"23",Rue Moreau,"78650",Beynes,CAD,01010000206A0800009831042412D7224184AFCCB2162D5A41,2020-03-24,617353.070344496,6861914.79374302,"747"
"POINT (617459.854144755 6861904.81981627)","260",780620200U-10,"10",Rue de Fleubert,"78650",Beynes,OSM,01010000206A0800001A7652B5E7D72241ABDE7734142D5A41,2020-03-24,617459.854144755,6861904.81981627,"815"
"POINT (616429.357957919 6865399.28097971)","261",784150020N-3,"3",Rue du Fort,"78124",Montainville,OSM,01010000206A080000A64246B7DACF22414E92FBD17D305A41,2020-03-24,616429.357957919,6865399.28097971,"246"
"POINT (625981.228092411 6871691.32592615)","265","786720142D-29","29",All�e du Coteau,"78670",Villennes-sur-Seine,OSM,01010000206A0800004F87C8747A1A234160F9DBD4A2365A41,2020-03-24,625981.228092411,6871691.32592615,"1347"
"POINT (626151.737981072 6871550.3530635)","266",786720250W-1,"1",Avenue Ir�ne,"78670",Villennes-sur-Seine,C+O,01010000206A080000B5A7D879CF1B2341A69798967F365A41,2020-03-24,626151.737981072,6871550.3530635,"1307"
"POINT (611508.081276814 6872590.20598333)","270",784020840L-23,"23",Rue de Villeneuve,"78970",M�zi�res-sur-Seine,OSM,01010000206A080000511D9D2968A92241B1D42E8D83375A41,2020-03-24,611508.081276814,6872590.20598333,"489"
"POINT (627940.288567261 6862650.72724299)","271",785710045M-12,"12",Rue Alphonse Daudet,"78860",Saint-Nom-la-Bret�che,OSM,01010000206A0800008D16BF93C829234131268BAECE2D5A41,2020-03-24,627940.288567261,6862650.72724299,"1373"
"POINT (616488.423616535 6857752.80826031)","274",784430090T-5,"5",Rue de la Fontaine,"78640",Neauphle-le-Vieux,OSM,01010000206A0800003644E4D850D022417889BA3306295A41,2020-03-24,616488.423616535,6857752.80826031,"390"
"POINT (616235.45589556 6857816.28441236)","275",784430200M-8,"8",Rue de la Porte de Vicq,"78640",Neauphle-le-Vieux,C+O,01010000206A0800008D246BE956CE2241E5CF331216295A41,2020-03-24,616235.45589556,6857816.28441236,"279"
"POINT (616590.527054687 6857657.26134155)","276",784430060K-11E,11E,Rue Basse,"78640",Neauphle-le-Vieux,C+O,01010000206A080000AA1CDA0D1DD12241E6D1B950EE285A41,2020-03-24,616590.527054687,6857657.26134155,"417"
"POINT (615712.815701216 6869600.33486228)","296",783800190A-17,"17",Route de Mantes,"78580",Maule,OSM,01010000206A080000FE96A3A141CA224138626E1598345A41,2020-03-24,615712.815701216,6869600.33486228,"527"
"POINT (615639.886964615 6869806.14163972)","297",783800116V-5512,"5512",Route Departementale 191,"78580",Maule,CAD,01010000206A080000DF3920C6AFC922410DA01089CB345A41,2020-03-24,615639.886964615,6869806.14163972,"593"
"POINT (615587.695026546 6869905.88295718)","298",780330080P-212,"212",Rue de Maule,"78126",Aulnay-sur-Mauldre,C+O,01010000206A080000FC84DA6347C92241DA5E8278E4345A41,2020-03-24,615587.695026546,6869905.88295718,"620"
"POINT (619957.037628175 6858516.10238465)","324",785500080S-9B,9BIS,Rue La Fontaine,"78640",Saint-Germain-de-la-Grange,OSM,01010000206A0800000A0044136AEB224154788D06C5295A41,2020-03-25,619957.037628175,6858516.10238465,"1136"
"POINT (619631.405670828 6858571.2046949)","325","785500230E-5","5",Rue Traversi�re,"78640",Saint-Germain-de-la-Grange,OSM,01010000206A0800003716B4CFDEE82241A4B819CDD2295A41,2020-03-25,619631.405670828,6858571.2046949,"1062"
"POINT (619847.143452737 6858651.06345915)","326",785500120K-2,"2",Rue des Lys,"78640",Saint-Germain-de-la-Grange,OSM,01010000206A08000019A372498EEA2241F7B60FC4E6295A41,2020-03-25,619847.143452737,6858651.06345915,"953"
"POINT (624111.377044987 6858006.64213665)","357",784900096V-66,"66",Rue de Belgique,"78370",Plaisir,C+O,01010000206A0800005E0A0CC1DE0B234156C418A945295A41,2020-03-25,624111.377044987,6858006.64213665,"2708"
"POINT (623884.105919822 6858063.33145218)","358",784900325U-36,"36",Chemin des Iris,"78370",Plaisir,C+O,01010000206A080000731F3B36180A2341398336D553295A41,2020-03-25,623884.105919822,6858063.33145218,"2733"
"POINT (623711.110293034 6858304.46486794)","359",784900094T-342,"342",Avenue des Bauges,"78370",Plaisir,OSM,01010000206A08000020547838BE0823417A65C01D90295A41,2020-03-25,623711.110293034,6858304.46486794,"2766"
"POINT (623762.823911314 6858088.05479875)","360",784900316J-203,"203",Rue Jacques Durand,"78370",Plaisir,C+O,01010000206A0800002BB4D7A5250923419AD281035A295A41,2020-03-25,623762.823911314,6858088.05479875,"2717"
"POINT (624111.377044987 6858006.64213665)","361",784900096V-86,"86",Rue de Belgique,"78370",Plaisir,C+O,01010000206A0800005E0A0CC1DE0B234156C418A945295A41,2020-03-25,624111.377044987,6858006.64213665,"2708"
"POINT (618356.923830343 6861361.65967523)","368",780620442G-25,"25",Rue des Ormes,"78650",Beynes,OSM,01010000206A0800006B4A00D9E9DE2241751E386A8C2C5A41,2020-03-25,618356.923830343,6861361.65967523,"773"
"POINT (618404.870593305 6861363.09718322)","369",780620524W-26,"26",Rue des Tilleuls,"78650",Beynes,OSM,01010000206A080000D867BEBD49DF2241F73F38C68C2C5A41,2020-03-25,618404.870593305,6861363.09718322,"816"
"POINT (618374.63184132 6861602.72549083)","370",780620315U-4,"4",Villa des Marronniers,"78650",Beynes,OSM,01010000206A0800009EB480430DDF22411C716EAEC82C5A41,2020-03-25,618374.63184132,6861602.72549083,"960"
"POINT (621036.343856686 6858443.36428287)","384",784900438S-7,"7",Rue Michel-Ange,"78370",Plaisir,OSM,01010000206A080000CCFB0DB0D8F322411B6950D7B2295A41,2020-03-26,621036.343856686,6858443.36428287,"980"
"POINT (621234.765773698 6858184.90118634)","385",784900440U-14,"14",Rue Michelet,"78370",Plaisir,OSM,01010000206A0800007D7D138865F522417B09AD3972295A41,2020-03-26,621234.765773698,6858184.90118634,"988"
"POINT (621230.076555711 6858191.08098126)","386",784900440U-21,"21",Rue Michelet,"78370",Plaisir,OSM,01010000206A080000634F32275CF5224101CC2EC573295A41,2020-03-26,621230.076555711,6858191.08098126,"990"
"POINT (621225.556846273 6858171.90452863)","387",784900440U-15,"15",Rue Michelet,"78370",Plaisir,OSM,01010000206A0800006AF41A1D53F522410BCCE3F96E295A41,2020-03-26,621225.556846273,6858171.90452863,"986"
"POINT (624527.188037 6871526.61516895)","395","784660560D-13","13",Rue des Feug�res,"78630",Orgeval,C+O,01010000206A080000BE6246601E0F234197ED5EA779365A41,2020-03-26,624527.188037,6871526.61516895,"795"
"POINT (620657.610302042 6873177.77888744)","401",782060083R-42,"42",Avenue des Fontaines,"78920",Ecquevilly,OSM,01010000206A0800005F827938E3F02241B94AD97116385A41,2020-03-26,620657.610302042,6873177.77888744,"1099"
"POINT (620672.247019347 6873299.69260413)","402",782060099H-10,"10",Rue de la Louvette,"78920",Ecquevilly,OSM,01010000206A080000DF51797E00F1224142A053EC34385A41,2020-03-26,620672.247019347,6873299.69260413,"1084"
"POINT (623576.319207465 6858908.17300169)","422",784900411M-40,"40",Rue Marcel l'Herbier,"78370",Plaisir,OSM,01010000206A0800002A296FA3B0072341B075120B272A5A41,2020-03-26,623576.319207465,6858908.17300169,"2175"
"POINT (625011.441372046 6864322.50835403)","430",782330045G-90,"90",Grande Rue,"78810",Feucherolles,OSM,01010000206A0800005284FBE1E612234156DF88A0702F5A41,2020-03-26,625011.441372046,6864322.50835403,"1025"
"POINT (624755.92891301 6864163.01672447)","431",782330032T-7B,7BIS,Rue des Coulons,"78810",Feucherolles,OSM,01010000206A080000707C9ADBE7102341820312C1482F5A41,2020-03-26,624755.92891301,6864163.01672447,"882"
"POINT (619348.821821833 6861897.67753733)","442",780620014S-23,"23",Rue des Bergeronnettes,"78650",Beynes,OSM,01010000206A080000D1D4C5A4A9E6224184C55C6B122D5A41,2020-03-26,619348.821821833,6861897.67753733,"1071"
"POINT (619116.8518203 6861887.67787022)","443",780620453U-6000,"6000",Rue de Picardie,"78650",Beynes,OSM,01010000206A08000056CA21B4D9E42241CB3962EB0F2D5A41,2020-03-26,619116.8518203,6861887.67787022,"1112"
"POINT (627385.414754927 6856520.34408827)","472",780730042Z-11,"11",Avenue Arletty,"78390",Bois-d'Arcy,OSM,01010000206A080000FEC15AD472252341CB8A0516D2275A41,2020-03-26,627385.414754927,6856520.34408827,"1022"
"POINT (627289.729570792 6856727.2606)","473","780730093E-9","9",Impasse Bernard Blier,"78390",Bois-d'Arcy,OSM,01010000206A0800008B4D8A75B3242341A1ABADD005285A41,2020-03-26,627289.729570792,6856727.2606,"844"
"POINT (619526.411990711 6862642.06508798)","479",780620445K-41,"41",Rue des Paquerettes,"78650",Beynes,OSM,01010000206A0800004D72F0D20CE82241C1662A84CC2D5A41,2020-03-26,619526.411990711,6862642.06508798,"1120"
"POINT (625877.38156636 6859784.80668382)","485",786740417U-42,"42",Rue du Jeu de Paume,"78450",Villepreux,OSM,01010000206A0800007AAA5CC3AA19234131B5A033022B5A41,2020-03-27,625877.38156636,6859784.80668382,"1549"
"POINT (626138.097765435 6859637.47204558)","486",786740065L-20,"20",Rue Auguste Rodin,"78450",Villepreux,OSM,01010000206A080000A44F0E32B41B2341A6FE355EDD2A5A41,2020-03-27,626138.097765435,6859637.47204558,"2632"
"POINT (625944.618953969 6859404.97194981)","487",786740499H-7,"7",Rue Jean Moulin,"78450",Villepreux,OSM,01010000206A080000D988E73C311A2341FD6C343EA32A5A41,2020-03-27,625944.618953969,6859404.97194981,"3115"
"POINT (622928.692296647 6858038.81266253)","502","784900220E-1","1",Rue de la Ferronnerie,"78370",Plaisir,OSM,01010000206A080000C5B47462A1022341B7A902B44D295A41,2020-03-27,622928.692296647,6858038.81266253,"1680"
"POINT (622678.750338478 6858195.26464046)","503",784900168Y-3,"3",Rue Charles Gounod,"78370",Plaisir,OSM,01010000206A0800006D5D2C80AD0023418ADEEFD074295A41,2020-03-27,622678.750338478,6858195.26464046,"1356"
"POINT (604252.569274272 6872041.58176713)","504",786470330S-20,"20",Rue du Moulin,"78930",Vert,OSM,01010000206A080000D8EA7723B970224136AC3B65FA365A41,2020-03-27,604252.569274272,6872041.58176713,"405"
"POINT (604332.555042373 6872027.13432944)","505",786470330S-17B,17BIS,Rue du Moulin,"78930",Vert,C+O,01010000206A0800008F832E1C5971224186DA98C8F6365A41,2020-03-27,604332.555042373,6872027.13432944,"417"
"POINT (612092.771508407 6873812.13436567)","510",784020060N-10,"10",Rue de Bellevue,"78970",M�zi�res-sur-Seine,C+O,01010000206A0800006226038BF9AD224175729908B5385A41,2020-03-27,612092.771508407,6873812.13436567,"1193"
"POINT (611935.484278901 6873992.03241995)","511",784020620X-97,"97",Rue Nationale,"78970",M�zi�res-sur-Seine,OSM,01010000206A0800007267F3F7BEAC2241242B1302E2385A41,2020-03-27,611935.484278901,6873992.03241995,"927"
"POINT (613449.525777703 6873215.55833634)","521",782171130F-34,"34",Rue Saint-Martin,"78680",�p�ne,OSM,01010000206A08000031BC320D93B822415AC8BBE31F385A41,2020-03-27,613449.525777703,6873215.55833634,"1102"
"POINT (613430.161121477 6873086.50256679)","522",782170650J-9,"9",Chemin de la Glisi�re,"78680",�p�ne,C+O,01010000206A080000A3837E526CB82241E50D2AA0FF375A41,2020-03-27,613430.161121477,6873086.50256679,"1088"
"POINT (625037.856226992 6858411.92481854)","526",781650370F-109Q,109QUATER,Rue Henri Prou,"78340",Les Clayes-sous-Bois,OSM,01010000206A0800005E6263B61B132341163A30FBAA295A41,2020-03-27,625037.856226992,6858411.92481854,"2840"
"POINT (625027.337396293 6858319.65300598)","527",781650366B-13,"13",Allee du Ham de la Prairie,"78340",Les Clayes-sous-Bois,CAD,01010000206A080000F734BFAC061323419AD9CAE993295A41,2020-03-27,625027.337396293,6858319.65300598,"2803"
"POINT (625335.956010305 6858239.05283073)","528","781650300E-1","1",Avenue des Fauvettes,"78340",Les Clayes-sous-Bois,OSM,01010000206A080000C62E7AE96F152341259461C37F295A41,2020-03-27,625335.956010305,6858239.05283073,"2735"
"POINT (617903.982935334 6858110.23403355)","534",786830085U-47B,47BIS,Rue Charles de Gaulle,"78640",Villiers-Saint-Fr�d�ric,C+O,01010000206A080000D44C43F75FDB2241DD67FA8E5F295A41,2020-03-27,617903.982935334,6858110.23403355,"970"
"POINT (618262.072620754 6857804.15032155)","535",786830169K-4,"4",Rue Debussy,"78640",Villiers-Saint-Fr�d�ric,OSM,01010000206A080000288C2E252CDE22414CDE9E0913295A41,2020-03-27,618262.072620754,6857804.15032155,"1246"
"POINT (618288.555491377 6857802.10899559)","536",786830169K-2,"2",Rue Debussy,"78640",Villiers-Saint-Fr�d�ric,OSM,01010000206A080000A75D691C61DE2241A7C8F98612295A41,2020-03-27,618288.555491377,6857802.10899559,"1284"
"POINT (620463.160008394 6868760.94245118)","537",780100030K-20,"20",Rue de Maule,"78580",Les Alluets-le-Roi,OSM,01010000206A080000CA9EEC515EEF2241C11E513CC6335A41,2020-03-27,620463.160008394,6868760.94245118,"505"
"POINT (620302.686249262 6868493.35184231)","538",780100067A-11,"11",Rue Traversi�re,"78580",Les Alluets-le-Roi,OSM,01010000206A0800002F105C5F1DEE22419C95845683335A41,2020-03-27,620302.686249262,6868493.35184231,"482"
"POINT (628022.588774122 6862311.97823027)","546",785710460N-15,"15",Rue du Moulin � Vent,"78860",Saint-Nom-la-Bret�che,OSM,01010000206A0800003ECD732D6D2A234122539BFE792D5A41,2020-03-27,628022.588774122,6862311.97823027,"1273"
"POINT (626194.317911904 6862241.01426324)","547",781520145T-4,"4",All�e des Lauriers,"78450",Chavenay,OSM,01010000206A0800005B59C5A2241C23415FB0E940682D5A41,2020-03-27,626194.317911904,6862241.01426324,"690"
"POINT (625933.902879076 6861943.53116554)","548",781520172X-1,"1",Rue des Peupliers,"78450",Chavenay,OSM,01010000206A0800008D2A46CE1B1A2341BB9DFEE11D2D5A41,2020-03-27,625933.902879076,6861943.53116554,"711"
"POINT (620767.784854616 6868824.4912434)","553","780100025E-21","21",Grande Rue,"78580",Les Alluets-le-Roi,C+O,01010000206A080000D676D891BFF122412488701FD6335A41,2020-03-27,620767.784854616,6868824.4912434,"505"
"POINT (620963.382960946 6868660.78266049)","554",780100020Z-2B,2B,Rue d'Enfer,"78580",Les Alluets-le-Roi,C+O,01010000206A080000027513C446F322410A1C1732AD335A41,2020-03-27,620963.382960946,6868660.78266049,"495"
"POINT (627774.641576468 6862465.07794653)","641",785710760P-19,"19",Rue du Valmartin,"78860",Saint-Nom-la-Bret�che,OSM,01010000206A080000FBB57C487D2823417213FD44A02D5A41,2020-03-28,627774.641576468,6862465.07794653,"1209"
"POINT (627647.502315231 6862384.70723037)","642",785710126A-31,"31",Rue Charles de Gaulle,"78860",Saint-Nom-la-Bret�che,OSM,01010000206A08000046762F017F2723412F43432D8C2D5A41,2020-03-28,627647.502315231,6862384.70723037,"1026"
"POINT (627066.803877476 6857836.27099229)","646",786740126C-19,"19",Avenue Bicherel,"78450",Villepreux,OSM,01010000206A0800001BD4959BF522234109F057111B295A41,2020-03-28,627066.803877476,6857836.27099229,"1309"
"POINT (626979.991566031 6857736.28308416)","647",786740481N-24,"24",Avenue de la Maladrerie,"78450",Villepreux,OSM,01010000206A080000F88AAEFB47222341060D1E1202295A41,2020-03-28,626979.991566031,6857736.28308416,"1294"
"POINT (627082.421761293 6857770.13307417)","648",786740481N-40,"40",Avenue de la Maladrerie,"78450",Villepreux,OSM,01010000206A080000A318F1D714232341864984880A295A41,2020-03-28,627082.421761293,6857770.13307417,"1162"
"POINT (609874.927153 6863135.71252889)","670",786810061B-12,"12",Rue des Longs Champs,"78770",Villiers-le-Mahieu,OSM,01010000206A0800004ECCB3DAA59C2241C3129AED472E5A41,2020-03-29,609874.927153,6863135.71252889,"264"
"POINT (609919.56841937 6862948.85441262)","671",786810012Y-20,"20",Rue du Centre,"78770",Villiers-le-Mahieu,OSM,01010000206A08000016DD0723FF9C224147B2AE36192E5A41,2020-03-29,609919.56841937,6862948.85441262,"260"
"POINT (612844.608425424 6863047.56480049)","687",783640190V-7,"7",Rue du Puits Perdu,"78770",Marcq,OSM,01010000206A08000087898337D9B32241F0B025E4312E5A41,2020-03-29,612844.608425424,6863047.56480049,"243"
"POINT (627761.081878713 6862560.43751928)","692",785710760P-25,"25",Rue du Valmartin,"78860",Saint-Nom-la-Bret�che,OSM,01010000206A080000B201EC2962282341E250001CB82D5A41,2020-03-29,627761.081878713,6862560.43751928,"1226"
"POINT (626282.480984618 6859220.1853566)","693",786740110K-13,"13",Avenue de Beauce,"78450",Villepreux,OSM,01010000206A080000A79D43F6D41C2341EAE1DC0B752A5A41,2020-03-29,626282.480984618,6859220.1853566,"3698"
"POINT (617351.391803081 6862260.11237822)","699",780620080N-19,"19",Rue du Clos,"78650",Beynes,OSM,01010000206A080000D4699AC80ED722416F3431076D2D5A41,2020-03-29,617351.391803081,6862260.11237822,"728"
"POINT (616337.535576549 6865166.06681091)","700",784150017K-11,"11",Rue de l'�toile,"78124",Montainville,OSM,01010000206A080000E916371223CF224147A1468443305A41,2020-03-29,616337.535576549,6865166.06681091,"242"
"POINT (616488.912767262 6857802.06386809)","712",784430090T-2,"2",Rue de la Fontaine,"78640",Neauphle-le-Vieux,OSM,01010000206A080000063B56D351D02241346A168412295A41,2020-03-29,616488.912767262,6857802.06386809,"392"
"POINT (616363.072008238 6857779.07969156)","713",784430257Z-2F,2F,Impasse des Vignes,"78640",Neauphle-le-Vieux,C+O,01010000206A0800008543DE2456CF22419FAA19C50C295A41,2020-03-29,616363.072008238,6857779.07969156,"332"
"POINT (616273.026444226 6857941.28937854)","714",784430045U-3,"3",Rue de l'Ardilli�re,"78640",Neauphle-le-Vieux,OSM,01010000206A080000FE188A0DA2CE2241942D855235295A41,2020-03-29,616273.026444226,6857941.28937854,"292"
"POINT (616358.484927082 6857715.6493024)","715","784430100D-14","14",Rue de la Lib�ration,"78640",Neauphle-le-Vieux,C+O,01010000206A080000CE5C48F84CCF2241A32B8EE9FC285A41,2020-03-29,616358.484927082,6857715.6493024,"324"
"POINT (615674.25113781 6869770.38601302)","733",78380B098G-4,"4",La Ruelle Gallien,"78580",Maule,CAD,01010000206A0800008E229580F4C92241F76FB498C2345A41,2020-03-29,615674.25113781,6869770.38601302,"562"
"POINT (615579.231036373 6869697.48105894)","734",78380B067Y-5184,"5184",Le Moulin de la Chaussee,"78580",Maule,CAD,01010000206A08000041664A7636C9224175ABC95EB0345A41,2020-03-29,615579.231036373,6869697.48105894,"547"
"POINT (615674.25113781 6869770.38601302)","735",78380B098G-4,"4",La Ruelle Gallien,"78580",Maule,CAD,01010000206A0800008E229580F4C92241F76FB498C2345A41,2020-03-29,615674.25113781,6869770.38601302,"562"
"POINT (628054.242750762 6870998.78684811)","738","781230040E-1120","1120",Chemin de Beauregard,"78955",Carri�res-sous-Poissy,C+O,01010000206A080000EFD3497CAC2A23412FB85BB2F5355A41,2020-03-30,628054.242750762,6870998.78684811,"864"
"POINT (620179.856490555 6858529.15441622)","767",785500130W-4B,4BIS,Rue des Marettes,"78640",Saint-Germain-de-la-Grange,OSM,01010000206A08000018EE85B627ED224192F4E149C8295A41,2020-03-30,620179.856490555,6858529.15441622,"1076"
"POINT (624135.46227458 6858298.34019405)","809",784900593K-81,"81",Rue du Portugal,"78370",Plaisir,OSM,01010000206A080000F440AFEC0E0C234146BDC5958E295A41,2020-03-30,624135.46227458,6858298.34019405,"2982"
"POINT (624141.063960975 6858047.39787174)","810",784900324T-83,"83",Rue d'Italie,"78370",Plaisir,OSM,01010000206A0800002F7EBF201A0C23410BBB76D94F295A41,2020-03-30,624141.063960975,6858047.39787174,"2758"
"POINT (623536.49230807 6858443.76515574)","811",784900314G-99,"99",Rue Jean-Antoine Chaptal,"78370",Plaisir,OSM,01010000206A080000ACCD0FFC60072341CB4FF8F0B2295A41,2020-03-30,623536.49230807,6858443.76515574,"2739"
"POINT (623770.186508964 6858240.30320238)","812",784900094T-32,"32",Avenue des Bauges,"78370",Plaisir,OSM,01010000206A0800005A1A7E5F34092341F2AA671380295A41,2020-03-30,623770.186508964,6858240.30320238,"2742"
"POINT (623884.105919822 6858063.33145218)","813","784900151E-82","82",Chemin des Coquelicots,"78370",Plaisir,C+O,01010000206A080000731F3B36180A2341398336D553295A41,2020-03-30,623884.105919822,6858063.33145218,"2733"
"POINT (624111.377044987 6858006.64213665)","814",784900503M-20,"20",Place des Pays Bas,"78370",Plaisir,C+O,01010000206A0800005E0A0CC1DE0B234156C418A945295A41,2020-03-30,624111.377044987,6858006.64213665,"2708"
"POINT (624007.830175504 6858090.39819363)","815",784900091P-591,"591",Rue Baixa da Banheira,"78370",Plaisir,C+O,01010000206A08000081C30CA90F0B23411F017C995A295A41,2020-03-30,624007.830175504,6858090.39819363,"2773"
"POINT (618273.149333047 6861088.83156655)","821",780620451S-40,"40",Rue des Peupliers,"78650",Beynes,OSM,01010000206A0800008F61754C42DE2241EB623835482C5A41,2020-03-30,618273.149333047,6861088.83156655,"525"
"POINT (618403.642761652 6861385.35549439)","822",780620524W-23,"23",Rue des Tilleuls,"78650",Beynes,OSM,01010000206A080000210E184947DF22418D6BC056922C5A41,2020-03-30,618403.642761652,6861385.35549439,"828"
"POINT (618320.22856005 6861262.87071449)","823",780620512H-32,"32",Rue des Saules,"78650",Beynes,OSM,01010000206A080000A7D20575A0DE224144C9B9B7732C5A41,2020-03-30,618320.22856005,6861262.87071449,"687"
"POINT (618252.150726616 6861608.5668842)","824","780620003E-6","6",Rue des Acacias,"78650",Beynes,OSM,01010000206A080000FF092C4D18DE2241A7D44724CA2C5A41,2020-03-30,618252.150726616,6861608.5668842,"909"
"POINT (618231.628699042 6861542.9117065)","825",780620442G-2,"2",Rue des Ormes,"78650",Beynes,OSM,01010000206A08000041D7E441EFDD22413C6659BAB92C5A41,2020-03-30,618231.628699042,6861542.9117065,"854"
"POINT (618185.863115384 6861545.11462507)","826",780620310N-17,"17",Avenue des Marronniers,"78650",Beynes,OSM,01010000206A0800007542EAB993DD224161045647BA2C5A41,2020-03-30,618185.863115384,6861545.11462507,"846"
"POINT (620947.204083954 6858276.77569936)","841",784900298P-9,"9",All�e Jean-Baptiste Carpeaux,"78370",Plaisir,OSM,01010000206A08000027B17D6826F32241EC0EA53189295A41,2020-03-31,620947.204083954,6858276.77569936,"993"
"POINT (621240.077303272 6858224.52797587)","842",784900440U-20,"20",Rue Michelet,"78370",Plaisir,OSM,01010000206A080000634B942770F522414C5BCA217C295A41,2020-03-31,621240.077303272,6858224.52797587,"991"
"POINT (621015.878667929 6858353.34723826)","843",784900508T-4,"4",Avenue Paul-Albert Bartholome,"78370",Plaisir,OSM,01010000206A08000044C3E0C1AFF32241CF2639569C295A41,2020-03-31,621015.878667929,6858353.34723826,"999"
"POINT (621311.498786609 6858308.96093881)","844",784900447B-80,"80",Rue des Moissons,"78370",Plaisir,OSM,01010000206A0800005AF560FFFEF522418005803D91295A41,2020-03-31,621311.498786609,6858308.96093881,"978"
"POINT (621454.917162002 6858336.48447573)","845",784900142V-6,"6",Rue des Trois Chaumes,"78370",Plaisir,OSM,01010000206A0800000B4296D51DF7224182A6011F98295A41,2020-03-31,621454.917162002,6858336.48447573,"1022"
"POINT (621185.393726777 6858355.9330519)","846",784900455K-1,"1",All�e du Muguet,"78370",Plaisir,OSM,01010000206A080000618E96C902F52241501FB7FB9C295A41,2020-03-31,621185.393726777,6858355.9330519,"1009"
"POINT (620551.322923739 6873022.42465792)","864",782060083R-29,"29",Avenue des Fontaines,"78920",Ecquevilly,OSM,01010000206A080000A84256A50EF022416D982D9BEF375A41,2020-03-31,620551.322923739,6873022.42465792,"1101"
"POINT (620604.515658058 6873050.27639117)","865",782060185B-2,"2",Rue des Trois Repos,"78920",Ecquevilly,OSM,01010000206A0800004155040879F022419864B091F6375A41,2020-03-31,620604.515658058,6873050.27639117,"1107"
"POINT (620626.397298095 6873150.29219783)","866",782060083R-36,"36",Avenue des Fontaines,"78920",Ecquevilly,OSM,01010000206A080000E7A76ACBA4F02241865EB3920F385A41,2020-03-31,620626.397298095,6873150.29219783,"1099"
"POINT (620770.486896941 6873263.86889709)","867",782060200T-30,"30",Rue des Vignes,"78920",Ecquevilly,OSM,01010000206A0800004C8E4AF9C4F1224185029CF72B385A41,2020-03-31,620770.486896941,6873263.86889709,"1097"
"POINT (620872.587252094 6873285.26998134)","868",782060162B-14,"14",Rue des Sablons,"78920",Ecquevilly,OSM,01010000206A080000724EAC2C91F22241D05F475131385A41,2020-03-31,620872.587252094,6873285.26998134,"1105"
"POINT (623809.795600118 6858851.50042331)","913",784900412N-59,"59",Rue Marcel Pagnol,"78370",Plaisir,OSM,01010000206A0800000DE65897830923417EEF06E0182A5A41,2020-03-31,623809.795600118,6858851.50042331,"2425"
"POINT (623529.877590423 6858832.94599792)","914",784900295L-325,"325",Rue Jacques Tati,"78370",Plaisir,OSM,01010000206A080000298853C153072341DF3A8B3C142A5A41,2020-03-31,623529.877590423,6858832.94599792,"2336"
"POINT (624832.457832177 6864333.94759747)","930",782330012W-2,"2",Rue Bernard Deniau,"78810",Feucherolles,OSM,01010000206A080000A8FA68EA80112341DC6FA57C732F5A41,2020-03-31,624832.457832177,6864333.94759747,"961"
"POINT (624578.295048347 6864103.83035903)","931",782330040B-7,"7",Rue de l'�tang,"78810",Feucherolles,OSM,01010000206A080000B1931097840F2341329A24F5392F5A41,2020-03-31,624578.295048347,6864103.83035903,"826"
"POINT (624474.096486289 6864202.71601598)","932",782330040B-22T,22TER,Rue de l'�tang,"78810",Feucherolles,OSM,01010000206A080000A3A66631B40E2341B134D3AD522F5A41,2020-03-31,624474.096486289,6864202.71601598,"833"
"POINT (619074.678313183 6861989.24132568)","951",780620453U-9,"9",Rue de Picardie,"78650",Beynes,OSM,01010000206A08000091DD4B5B85E4224141E1714F292D5A41,2020-03-31,619074.678313183,6861989.24132568,"1127"
"POINT (618926.897671416 6862032.56466762)","952",780620447M-19,"19",Chemin de Paris,"78650",Beynes,OSM,01010000206A0800007A969BCB5DE32241A7832324342D5A41,2020-03-31,618926.897671416,6862032.56466762,"1182"
"POINT (619141.552414024 6861901.23376372)","953",780620495P-44,"44",Rue du Roussillon,"78650",Beynes,OSM,01010000206A080000CC02D61A0BE522411CFCF54E132D5A41,2020-03-31,619141.552414024,6861901.23376372,"1101"
"POINT (619084.584699305 6862120.54791299)","954",780620447M-35,"35",Chemin de Paris,"78650",Beynes,OSM,01010000206A08000010B55D2B99E42241AA0111234A2D5A41,2020-03-31,619084.584699305,6862120.54791299,"1123"
"POINT (627347.990830158 6856699.17548019)","1004",780730449S-5,"5",Impasse Orane Demazis,"78390",Bois-d'Arcy,C+O,01010000206A08000025174EFB2725234144113BCBFE275A41,2020-03-31,627347.990830158,6856699.17548019,"938"
"POINT (627252.82209543 6856578.05000365)","1005",780730321C-13,"13",Rue Joan Crawford,"78390",Bois-d'Arcy,OSM,01010000206A08000038B1E9A4692423417D423383E0275A41,2020-03-31,627252.82209543,6856578.05000365,"921"
"POINT (627347.990830158 6856699.17548019)","1006",780730214L-2,"2",Place Erich Von Stroheim,"78390",Bois-d'Arcy,C+O,01010000206A08000025174EFB2725234144113BCBFE275A41,2020-03-31,627347.990830158,6856699.17548019,"938"
"POINT (619811.858508192 6862711.50272075)","1019",780620017V-85,"85",Rue du Blanc Soleil,"78650",Beynes,OSM,01010000206A080000C4628EB747EA2241A2932CE0DD2D5A41,2020-03-31,619811.858508192,6862711.50272075,"904"
"POINT (619642.215786786 6862537.2584866)","1020",780620017V-59,"59",Rue du Blanc Soleil,"78650",Beynes,OSM,01010000206A0800000B9B7B6EF4E82241660B8B50B22D5A41,2020-03-31,619642.215786786,6862537.2584866,"1152"
"POINT (626027.321806293 6859614.86523622)","1039",786740556V-2,"2",Impasse du Petit Trianon,"78450",Villepreux,OSM,01010000206A08000064CBC3A4D61A2341B90760B7D72A5A41,2020-04-01,626027.321806293,6859614.86523622,"2509"
"POINT (625906.526927734 6859704.47992785)","1040",786740551P-6,"6",Impasse du Parterre du Midi,"78450",Villepreux,OSM,01010000206A080000D278C90DE51923414E23B71EEE2A5A41,2020-04-01,625906.526927734,6859704.47992785,"1883"
"POINT (625871.624338807 6859759.41509713)","1041",786740417U-46,"46",Rue du Jeu de Paume,"78450",Villepreux,C+O,01010000206A0800000856A93F9F19234191F390DAFB2A5A41,2020-04-01,625871.624338807,6859759.41509713,"1623"
"POINT (625933.766137883 6859658.76146587)","1042",786740552R-32,"32",Avenue du Palais Royal,"78450",Villepreux,OSM,01010000206A0800007E3943881B1A234157DBBBB0E22A5A41,2020-04-01,625933.766137883,6859658.76146587,"2111"
"POINT (626111.769867668 6859155.86059848)","1043",781650320B-13,"13",Avenue des Fr�res Lumi�re,"78340",Les Clayes-sous-Bois,OSM,01010000206A0800004F182C8A7F1B2341A50B14F7642A5A41,2020-04-01,626111.769867668,6859155.86059848,"3833"
"POINT (625881.694190516 6859186.26469009)","1044",781650220T-11,"11",Avenue de la Croix Blanche,"78340",Les Clayes-sous-Bois,C+O,01010000206A08000076F06C63B3192341B1AEF0906C2A5A41,2020-04-01,625881.694190516,6859186.26469009,"3686"
"POINT (626061.973837509 6859177.51260389)","1045",781650719K-8,"8",Rue Simone Weil,"78340",Les Clayes-sous-Bois,OSM,01010000206A08000076D49AF21B1B23418780CE606A2A5A41,2020-04-01,626061.973837509,6859177.51260389,"3778"
"POINT (622680.318427685 6858114.62289743)","1079","784900610D-25","25",Rue de la R�publique,"78370",Plaisir,OSM,01010000206A08000018F408A3B00023412B8DDDA760295A41,2020-04-01,622680.318427685,6858114.62289743,"1321"
"POINT (623075.622578402 6858010.17305155)","1080",784900711N-54,"54",Rue de la Volute,"78370",Plaisir,OSM,01010000206A080000AB98C23EC7032341D446138B46295A41,2020-04-01,623075.622578402,6858010.17305155,"1930"
"POINT (622990.061801163 6858103.4945436)","1081",784900271K-49,"49",Chemin du Gu� Maldroit,"78370",Plaisir,OSM,01010000206A080000F066A41F1C032341369AA6DF5D295A41,2020-04-01,622990.061801163,6858103.4945436,"1819"
"POINT (622585.713018528 6858178.93645454)","1082","784900610D-39","39",Rue de la R�publique,"78370",Plaisir,OSM,01010000206A080000B8C3106DF3FF224103DFEEBB70295A41,2020-04-01,622585.713018528,6858178.93645454,"1203"
"POINT (622429.165614975 6858251.19697237)","1083",784900600T-51,"51",Rue Ren� Bazin,"78370",Plaisir,OSM,01010000206A080000687CCB54BAFE224105329BCC82295A41,2020-04-01,622429.165614975,6858251.19697237,"1270"
"POINT (604275.211410103 6872046.21181734)","1084",786470330S-17,"17",Rue du Moulin,"78930",Vert,OSM,01010000206A080000E9F13D6CE6702241516A8E8DFB365A41,2020-04-01,604275.211410103,6872046.21181734,"412"
"POINT (604546.452304898 6872091.55484096)","1085",786470060Y-11,"11",Chemin des Cauvilles,"78930",Vert,OSM,01010000206A080000EF8194E704732241AB8382E306375A41,2020-04-01,604546.452304898,6872091.55484096,"450"
"POINT (604130.930644814 6871996.2175453)","1086","786470180D-37","37",Grande Rue,"78930",Vert,OSM,01010000206A0800001F7A7DDCC56F22412243EC0DEF365A41,2020-04-01,604130.930644814,6871996.2175453,"391"
"POINT (604512.850764892 6872026.60164519)","1087",786470060Y-8,"8",Chemin des Cauvilles,"78930",Vert,OSM,01010000206A080000B97497B3C1722241D75A81A6F6365A41,2020-04-01,604512.850764892,6872026.60164519,"423"
"POINT (604166.969004352 6872031.09910008)","1088",786470330S-4,"4",Rue du Moulin,"78930",Vert,OSM,01010000206A080000A65621F00D702241E0A757C6F7365A41,2020-04-01,604166.969004352,6872031.09910008,"397"
"POINT (604284.155092877 6872320.99709969)","1089","786470180D-5","5",Grande Rue,"78930",Vert,OSM,01010000206A0800006155684FF8702241377BD03F40375A41,2020-04-01,604284.155092877,6872320.99709969,"468"
"POINT (604144.542353569 6872057.16231244)","1090","786470180D-31","31",Grande Rue,"78930",Vert,OSM,01010000206A080000F15DAF15E16F2241BC53634AFE365A41,2020-04-01,604144.542353569,6872057.16231244,"400"
"POINT (612304.686624384 6873983.41769739)","1096",784020450M-50,"50",Rue Henri Bretonnet,"78970",M�zi�res-sur-Seine,OSM,01010000206A080000383B8D5FA1AF2241D58DBBDADF385A41,2020-04-01,612304.686624384,6873983.41769739,"1181"
"POINT (611932.252190402 6874015.43752653)","1097",784020620X-112T,112TER,Rue Nationale,"78970",M�zi�res-sur-Seine,C+O,01010000206A080000B5191F81B8AC2241446F00DCE7385A41,2020-04-01,611932.252190402,6874015.43752653,"908"
"POINT (612143.14668112 6873782.3407243)","1098",784020100G-9,"9",Rue de Chauffour,"78970",M�zi�res-sur-Seine,OSM,01010000206A080000A7C9194B5EAE22414F6DCE95AD385A41,2020-04-01,612143.14668112,6873782.3407243,"1234"
"POINT (612028.621725593 6873937.78578398)","1099",784020150L-5,"5",Chemin des Crons,"78970",M�zi�res-sur-Seine,CAD,01010000206A08000020D1523E79AD2241E8484A72D4385A41,2020-04-01,612028.621725593,6873937.78578398,"1020"
"POINT (613402.640867082 6873449.81687448)","1125","782170990D-20","20",Rue de la Porte de la Ville,"78680",�p�ne,OSM,01010000206A080000ECBA1F4835B82241E5AB47745A385A41,2020-04-01,613402.640867082,6873449.81687448,"1190"
"POINT (613457.765616383 6873418.62917702)","1126",782170031L-5,"5",Rue Aristide Bellanger,"78680",�p�ne,OSM,01010000206A080000DEDEFE87A3B82241AD6F44A852385A41,2020-04-01,613457.765616383,6873418.62917702,"1144"
"POINT (613348.718232184 6873478.09544214)","1127","782170301E-8","8",Rue du Clos,"78680",�p�ne,OSM,01010000206A080000FA20BC6FC9B7224158B91B8661385A41,2020-04-01,613348.718232184,6873478.09544214,"1233"
"POINT (613373.737969387 6873080.11843217)","1128",782170110X-4,"4",Chemin du Bois Lourdet,"78680",�p�ne,CAD,01010000206A0800009A1FD779FBB722418A649407FE375A41,2020-04-01,613373.737969387,6873080.11843217,"1121"
"POINT (613406.812820253 6873205.0760882)","1129",782170730W-2,"2",All�e des Mara�chers,"78680",�p�ne,C+O,01010000206A080000EBF929A03DB822410FA1DE441D385A41,2020-04-01,613406.812820253,6873205.0760882,"1126"
"POINT (613223.288932582 6873207.16001948)","1130",782170840R-12,"12",Chemin Neuf,"78680",�p�ne,OSM,01010000206A080000B1F8EE93CEB622415CC23DCA1D385A41,2020-04-01,613223.288932582,6873207.16001948,"1224"
"POINT (613522.82737166 6873322.11999863)","1131",782171110J-29,"29",Ruelle Saint-Germain,"78680",�p�ne,OSM,01010000206A08000018429DA725B92241BD0EAE873A385A41,2020-04-01,613522.82737166,6873322.11999863,"1085"
"POINT (613222.555158226 6872953.26209275)","1132",782171130F-62,"62",Rue Saint-Martin,"78680",�p�ne,OSM,01010000206A080000F4B23D1CCDB62241B020C650DE375A41,2020-04-01,613222.555158226,6872953.26209275,"1162"
"POINT (625069.925130112 6858347.90339151)","1141",781650304J-11,"11",Impasse de la Ferme,"78340",Les Clayes-sous-Bois,OSM,01010000206A08000073A7AAD95B1323419D2AD1F99A295A41,2020-04-01,625069.925130112,6858347.90339151,"2789"
"POINT (625182.392807716 6858624.5641265)","1142",781650400N-3B,3BIS,Avenue Jean Jaur�s,"78340",Les Clayes-sous-Bois,OSM,01010000206A080000CE171EC93C1423410DA61A24E0295A41,2020-04-01,625182.392807716,6858624.5641265,"2946"
"POINT (624858.647588905 6858289.81120035)","1143",781650522W-8,"8",Rue Pasteur,"78340",Les Clayes-sous-Bois,CAD,01010000206A080000E0C5904BB5112341E0B4EA738C295A41,2020-04-01,624858.647588905,6858289.81120035,"2943"
"POINT (625287.15106264 6858212.65985089)","1144",781650750U-1,"1",Avenue de la Tour,"78340",Les Clayes-sous-Bois,OSM,01010000206A0800001715584D0E1523413FFF3A2A79295A41,2020-04-01,625287.15106264,6858212.65985089,"2718"
"POINT (625071.912514822 6858314.18388456)","1145",781650304J-6,"6",Impasse de la Ferme,"78340",Les Clayes-sous-Bois,OSM,01010000206A0800008B2435D35F132341C4C3C48B92295A41,2020-04-01,625071.912514822,6858314.18388456,"2767"
"POINT (625098.817513684 6858134.58080158)","1146",781650259K-1,"1",Impasse des �piceas,"78340",Les Clayes-sous-Bois,OSM,01010000206A080000522791A29513234164DA2BA565295A41,2020-04-01,625098.817513684,6858134.58080158,"2691"
"POINT (625142.467400109 6858318.9436518)","1147",781650470P-17,"17",Rue du Moulin,"78340",Les Clayes-sous-Bois,C+O,01010000206A08000030114FEFEC13234184CA64BC93295A41,2020-04-01,625142.467400109,6858318.9436518,"2767"
"POINT (618109.726770913 6857973.43679578)","1165",786830660U-8,"8",Rue de la Vierge,"78640",Villiers-Saint-Fr�d�ric,OSM,01010000206A08000031511B74FBDC22414C76F45B3D295A41,2020-04-01,618109.726770913,6857973.43679578,"1078"
"POINT (618172.722836213 6858159.81183211)","1166",786830620A-2,"2",Rue de la Tuilerie,"78640",Villiers-Saint-Fr�d�ric,OSM,01010000206A0800008C96177279DD2241AE0EF5F36B295A41,2020-04-01,618172.722836213,6858159.81183211,"1033"
"POINT (618520.184279132 6857676.7495709)","1167",786830500V-5,"5",Rue des Sablons,"78640",Villiers-Saint-Fr�d�ric,OSM,01010000206A0800009BD5595E30E0224138F8F82FF3285A41,2020-04-01,618520.184279132,6857676.7495709,"1617"
"POINT (618087.98293857 6857671.49692433)","1168",786830108U-8,"8",Rue Chopin,"78640",Villiers-Saint-Fr�d�ric,OSM,01010000206A08000066B943F7CFDC2241B99BCDDFF1285A41,2020-04-01,618087.98293857,6857671.49692433,"1058"
"POINT (618122.001523525 6857916.99516749)","1169",786830660U-21,"21",Rue de la Vierge,"78640",Villiers-Saint-Fr�d�ric,OSM,01010000206A08000006B1C70014DD2241FBD2B03F2F295A41,2020-04-01,618122.001523525,6857916.99516749,"1104"
"POINT (618493.769942911 6857971.0274539)","1170",786830500V-17,"17",Rue des Sablons,"78640",Villiers-Saint-Fr�d�ric,OSM,01010000206A0800000AF5358AFBDF224100CEC1C13C295A41,2020-04-01,618493.769942911,6857971.0274539,"1292"
"POINT (618186.896244159 6857800.76257287)","1171",786830169K-7,"7",Rue Debussy,"78640",Villiers-Saint-Fr�d�ric,OSM,01010000206A080000B483E0CA95DD22416EFECD3012295A41,2020-04-01,618186.896244159,6857800.76257287,"1133"
"POINT (618116.508809395 6857611.26740176)","1172",786830160A-47,"47",Rue des Deux Neauphles,"78640",Villiers-Saint-Fr�d�ric,OSM,01010000206A08000040AA820409DD2241461C1DD1E2285A41,2020-04-01,618116.508809395,6857611.26740176,"1083"
"POINT (620602.066781073 6868846.66944645)","1173",780100060T-8,"8",Rue Saint-Nicolas,"78580",Les Alluets-le-Roi,OSM,01010000206A080000F820312274F02241EC35D8AADB335A41,2020-04-01,620602.066781073,6868846.66944645,"505"
"POINT (620505.781588944 6868688.73674153)","1174",780100010N-5022,"5022",Rue de Clairbois,"78580",Les Alluets-le-Roi,C+O,01010000206A080000156D2C90B3EF2241EDC5262FB4335A41,2020-04-01,620505.781588944,6868688.73674153,"504"
"POINT (620423.629389394 6868892.60413504)","1175","780100047D-15","15",Rue de la Procession,"78580",Les Alluets-le-Roi,OSM,01010000206A0800009E533F420FEF22410426AA26E7335A41,2020-04-01,620423.629389394,6868892.60413504,"505"
"POINT (620361.929525491 6868627.54661904)","1176",780100075J-30,"30",Rue des Vergers,"78580",Les Alluets-le-Roi,OSM,01010000206A080000E1C3EADB93EE22416CCEFBE2A4335A41,2020-04-01,620361.929525491,6868627.54661904,"498"
"POINT (620583.061401099 6868487.27322793)","1177",780100010N-13,"13",Rue de Clairbois,"78580",Les Alluets-le-Roi,OSM,01010000206A080000FEF66F1F4EF0224103917CD181335A41,2020-04-01,620583.061401099,6868487.27322793,"485"
"POINT (620371.601662915 6868669.89621473)","1178",78010A002Z-24,"24",Domaine des Meuli�res,"78580",Les Alluets-le-Roi,C+O,01010000206A0800005A290D34A7EE224103955B79AF335A41,2020-04-01,620371.601662915,6868669.89621473,"501"
"POINT (620221.039950384 6868489.02746524)","1179",780100067A-3,"3",Rue Traversi�re,"78580",Les Alluets-le-Roi,OSM,01010000206A0800006F6074147AED22418DFDC14182335A41,2020-04-01,620221.039950384,6868489.02746524,"477"
"POINT (628061.66045925 6861983.77632842)","1195",785710046N-3,"3",Rue des Anciennes Granges,"78860",Saint-Nom-la-Bret�che,OSM,01010000206A08000000B72752BB2A2341645DAFF1272D5A41,2020-04-01,628061.66045925,6861983.77632842,"1091"
"POINT (627803.83121847 6862328.48951559)","1200",785710126A-19B,19BIS,Rue Charles de Gaulle,"78860",Saint-Nom-la-Bret�che,OSM,01010000206A080000A07795A9B72823413739541F7E2D5A41,2020-04-01,627803.83121847,6862328.48951559,"1155"
"POINT (628073.100429016 6862390.97268835)","1201",785710460N-10,"10",Rue du Moulin � Vent,"78860",Saint-Nom-la-Bret�che,OSM,01010000206A080000996E6B33D22A2341A08640BE8D2D5A41,2020-04-01,628073.100429016,6862390.97268835,"1355"
"POINT (628079.86584227 6862575.3757315)","1202",785710340H-25,"25",Rue de la Fontaine des Vaux,"78860",Saint-Nom-la-Bret�che,OSM,01010000206A08000092AD4FBBDF2A234125FC0BD8BB2D5A41,2020-04-01,628079.86584227,6862575.3757315,"1423"
"POINT (625988.226742871 6862077.17115236)","1203",781520172X-13,"13",Rue des Peupliers,"78450",Chavenay,OSM,01010000206A08000043A41774881A23410729F44A3F2D5A41,2020-04-01,625988.226742871,6862077.17115236,"711"
"POINT (625929.384683149 6862210.03344275)","1204",781520153B-6,"6",Rue de la Mare de l'Orme,"78450",Chavenay,OSM,01010000206A0800009230F5C4121A234111ED2382602D5A41,2020-04-01,625929.384683149,6862210.03344275,"716"
"POINT (626416.624963445 6862232.40380521)","1205",781520150Y-9,"9",All�e des Mahonias,"78450",Chavenay,OSM,01010000206A0800006735FB3FE11D2341D3F1D719662D5A41,2020-04-01,626416.624963445,6862232.40380521,"612"
"POINT (625766.969165711 6862013.50198796)","1206",781520142P-19,"19",Rue Haute,"78450",Chavenay,OSM,01010000206A080000F37C36F0CD1823411D9220602F2D5A41,2020-04-01,625766.969165711,6862013.50198796,"730"
"POINT (626097.560337402 6862116.92088994)","1207",781520054U-7,"7",All�e des Bruy�res,"78450",Chavenay,OSM,01010000206A080000438BE41E631B234157DCEF3A492D5A41,2020-04-01,626097.560337402,6862116.92088994,"699"
"POINT (620690.090401392 6868760.49694788)","1216",780100035R-7,"7",Rue d'Orgeval,"78580",Les Alluets-le-Roi,OSM,01010000206A0800006017492E24F122417FFECD1FC6335A41,2020-04-01,620690.090401392,6868760.49694788,"505"
"POINT (620931.551161888 6868493.06642388)","1217",780100020Z-5,"5",Rue d'Enfer,"78580",Les Alluets-le-Roi,OSM,01010000206A08000016E4311A07F32241EF49404483335A41,2020-04-01,620931.551161888,6868493.06642388,"479"
"POINT (620780.434283447 6868640.15230053)","1218",780100005H-7,"7",Rue des Bons Enfants,"78580",Les Alluets-le-Roi,OSM,01010000206A08000064665ADED8F12241BC4ABF09A8335A41,2020-04-01,620780.434283447,6868640.15230053,"498"
"POINT (628067.823206519 6871519.31163498)","1257",781230120S-157,"157",Rue des �coles,"78955",Carri�res-sous-Poissy,OSM,01010000206A0800002A537BA5C72A2341D7D3F1D377365A41,2020-04-02,628067.823206519,6871519.31163498,"836"
"POINT (627605.73704871 6862647.89259955)","1316",785710472B-15,"15",Avenue du Pays de Galie,"78860",Saint-Nom-la-Bret�che,OSM,01010000206A080000D4725E792B272341DF5920F9CD2D5A41,2020-04-02,627605.73704871,6862647.89259955,"1009"
"POINT (626817.366622706 6857972.07568614)","1318",786740234V-9,"9",Impasse du Confesseur du Roy,"78450",Villepreux,OSM,01010000206A080000A8F8B5BB02212341AF0AD8043D295A41,2020-04-02,626817.366622706,6857972.07568614,"2154"
"POINT (627032.547810061 6857880.18115869)","1319",786740126C-11,"11",Avenue Bicherel,"78450",Villepreux,OSM,01010000206A080000738F7A18B12223419F1A980B26295A41,2020-04-02,627032.547810061,6857880.18115869,"1509"
"POINT (627195.286910626 6857833.87776364)","1320",786740481N-15,"15",Avenue de la Maladrerie,"78450",Villepreux,OSM,01010000206A08000018F3E592F623234187472D781A295A41,2020-04-02,627195.286910626,6857833.87776364,"1051"
"POINT (609812.620792919 6863172.71401784)","1339",786810016C-12A,12A,Rue des Clos,"78770",Villiers-le-Mahieu,OSM,01010000206A080000CB91D83D299C2241E777B22D512E5A41,2020-04-03,609812.620792919,6863172.71401784,"261"
"POINT (627853.694690358 6862638.0157568)","1351",785710050T-6,"6",Rue Auguste Renoir,"78860",Saint-Nom-la-Bret�che,OSM,01010000206A0800006274AE631B292341CF280281CB2D5A41,2020-04-03,627853.694690358,6862638.0157568,"1314"
"POINT (617510.000034666 6862138.30529303)","1354",780620480Y-61,"61",Rue de la R�publique,"78650",Beynes,OSM,01010000206A080000338B04004CD82241CBEB89934E2D5A41,2020-04-03,617510.000034666,6862138.30529303,"799"
"POINT (617449.792916246 6862063.98760063)","1355",780620402N-7,"7",Rue Moreau,"78650",Beynes,CAD,01010000206A080000411EF995D3D7224146D934FF3B2D5A41,2020-04-03,617449.792916246,6862063.98760063,"787"
"POINT (616302.014557837 6865154.45835016)","1356",784150017K-10B,10BIS,Rue de l'�toile,"78124",Montainville,OSM,01010000206A080000F31F7407DCCE2241E99B559D40305A41,2020-04-03,616302.014557837,6865154.45835016,"239"
"POINT (616273.38241228 6857676.06636448)","1370",784430097A-7,"7",Rue de l'�le Robert,"78640",Neauphle-le-Vieux,OSM,01010000206A080000DA8ACBC3A2CE2241CD503F04F3285A41,2020-04-03,616273.38241228,6857676.06636448,"286"
"POINT (616551.160665339 6857876.56282794)","1371",784430243J-4,"4",Route de Thoiry,"78640",Neauphle-le-Vieux,OSM,01010000206A08000035BA4252CED022417B5F052425295A41,2020-04-03,616551.160665339,6857876.56282794,"403"
"POINT (616559.097731243 6857856.54335585)","1372",784430229U-8,"8",Place Sully,"78640",Neauphle-le-Vieux,OSM,01010000206A08000058D40932DED022419F57C62220295A41,2020-04-03,616559.097731243,6857856.54335585,"403"
"POINT (616354.238702937 6857757.30024974)","1373",784430257Z-2B,2B,Impasse des Vignes,"78640",Neauphle-le-Vieux,C+O,01010000206A0800007C45377A44CF2241B04A375307295A41,2020-04-03,616354.238702937,6857757.30024974,"324"
"POINT (615467.084387187 6869455.78360587)","1394",783800375B-12,"12",Sentier de la Voirie,"78580",Maule,OSM,01010000206A08000024CC342B56C822413E9926F273345A41,2020-04-03,615467.084387187,6869455.78360587,"517"
"POINT (615674.25113781 6869770.38601302)","1395",78380B098G-4,"4",La Ruelle Gallien,"78580",Maule,CAD,01010000206A0800008E229580F4C92241F76FB498C2345A41,2020-04-03,615674.25113781,6869770.38601302,"562"
"POINT (615587.695026546 6869905.88295718)","1396",780330080P-212,"212",Rue de Maule,"78126",Aulnay-sur-Mauldre,C+O,01010000206A080000FC84DA6347C92241DA5E8278E4345A41,2020-04-03,615587.695026546,6869905.88295718,"620"
"POINT (615964.581522764 6869777.72807359)","1397",78380B036P-5118,"5118",Dessus du Moulin de la Cha,"78580",Maule,CAD,01010000206A0800000D5ABD2939CC2241F7C1986EC4345A41,2020-04-03,615964.581522764,6869777.72807359,"600"
"POINT (620299.285969107 6858467.46211866)","1413",785500221V-5,"5",Rue Stendhal,"78640",Saint-Germain-de-la-Grange,OSM,01010000206A080000F38A6A9216EE2241255A93DDB8295A41,2020-04-04,620299.285969107,6858467.46211866,"1104"
"POINT (620126.443668615 6858606.95319185)","1414",785500224Y-10,"10",Rue des Terres du Puits,"78640",Saint-Germain-de-la-Grange,C+O,01010000206A0800005C8828E3BCEC2241611801BDDB295A41,2020-04-04,620126.443668615,6858606.95319185,"974"
"POINT (624139.387163947 6858166.18221159)","1443",784900042L-79,"79",Rue d'Allemagne,"78370",Plaisir,OSM,01010000206A080000515A3AC6160C2341CC5AA98B6D295A41,2020-04-04,624139.387163947,6858166.18221159,"2893"
"POINT (623873.928912774 6858054.4578125)","1444",784900693U-35,"35",Square des Tulipes,"78370",Plaisir,OSM,01010000206A08000080749ADB030A2341D0CC4C9D51295A41,2020-04-04,623873.928912774,6858054.4578125,"2743"
"POINT (623884.105919822 6858063.33145218)","1445",784900325U-51,"51",Chemin des Iris,"78370",Plaisir,C+O,01010000206A080000731F3B36180A2341398336D553295A41,2020-04-04,623884.105919822,6858063.33145218,"2733"
"POINT (624097.428082214 6858135.92878442)","1446",784900221F-23,"23",Place de l'Europe,"78370",Plaisir,C+O,01010000206A0800008C972DDBC20B2341323471FB65295A41,2020-04-04,624097.428082214,6858135.92878442,"2827"
"POINT (623773.444924384 6857991.05926655)","1447",784900546J-110,"110",Rue Philippe Soupault,"78370",Plaisir,OSM,01010000206A080000FC20CDE33A092341F105CBC341295A41,2020-04-04,623773.444924384,6857991.05926655,"2732"
"POINT (623853.812573028 6858138.67859929)","1448",784900750F-889,"889",Avenue Fran�ois Mitterrand,"78370",Plaisir,OSM,01010000206A080000669209A0DB092341B92B6EAB66295A41,2020-04-04,623853.812573028,6858138.67859929,"2730"
"POINT (621082.200133967 6858305.73931695)","1461",784900063J-5,"5",All�e Antoine Bourdelle,"78370",Plaisir,OSM,01010000206A08000098F5776634F422410EF8506F90295A41,2020-04-05,621082.200133967,6858305.73931695,"1021"
"POINT (620596.539466604 6873184.17794927)","1469",782060098G-7,"7",Rue de la Jonch�e,"78920",Ecquevilly,OSM,01010000206A08000078F7341469F022415685630B18385A41,2020-04-05,620596.539466604,6873184.17794927,"1093"
"POINT (620838.189119596 6873148.056185)","1470",782060020X-37,"37",Rue du Bel-Air,"78920",Ecquevilly,OSM,01010000206A0800009D48D4604CF22241FC8898030F385A41,2020-04-05,620838.189119596,6873148.056185,"1118"
"POINT (620710.524827392 6873222.8738094)","1471",782060083R-54,"54",Avenue des Fontaines,"78920",Ecquevilly,OSM,01010000206A0800000D2DB60C4DF12241457EECB721385A41,2020-04-05,620710.524827392,6873222.8738094,"1099"
"POINT (624518.747655181 6864251.62063645)","1505",78233A003F-8,"8",Domaine de l'Abbaye,"78810",Feucherolles,OSM,01010000206A080000EEA8CC7E0D0F2341F181B8E75E2F5A41,2020-04-05,624518.747655181,6864251.62063645,"855"
"POINT (619300.980409587 6861987.75284005)","1515",780620005G-27,"27",Rue des Albatros,"78650",Beynes,OSM,01010000206A080000D43EF8F549E622410A882EF0282D5A41,2020-04-05,619300.980409587,6861987.75284005,"1099"
"POINT (619128.322495553 6862199.44923219)","1516",780620510F-10,"10",Rue de Saintonge,"78650",Beynes,OSM,01010000206A0800001D231EA5F0E422415E38C0DC5D2D5A41,2020-04-05,619128.322495553,6862199.44923219,"1097"
"POINT (619050.610706363 6862105.00890707)","1517",780620447M-40,"40",Chemin de Paris,"78650",Beynes,OSM,01010000206A0800002281AE3855E42241FAEE9140462D5A41,2020-04-05,619050.610706363,6862105.00890707,"1124"
"POINT (627158.94027319 6856776.05030443)","1542",780730522W-26,"26",Rue Pierre Brasseur,"78390",Bois-d'Arcy,OSM,01010000206A080000D57C6BE1AD2323410E30380312285A41,2020-04-05,627158.94027319,6856776.05030443,"812"
"POINT (625870.886947782 6859753.4196304)","1562",786740417U-48,"48",Rue du Jeu de Paume,"78450",Villepreux,C+O,01010000206A0800000C051EC69D1923417739DB5AFA2A5A41,2020-04-06,625870.886947782,6859753.4196304,"1635"
"POINT (625974.182402501 6859495.11234019)","1563",786740499H-29,"29",Rue Jean Moulin,"78450",Villepreux,OSM,01010000206A08000050DC635D6C1A2341E69430C7B92A5A41,2020-04-06,625974.182402501,6859495.11234019,"2861"
"POINT (625954.628392162 6859435.64688616)","1564",786740499H-15,"15",Rue Jean Moulin,"78450",Villepreux,OSM,01010000206A080000129EBC41451A2341379566E9AA2A5A41,2020-04-06,625954.628392162,6859435.64688616,"3042"
"POINT (626096.127316453 6859811.92656471)","1565",786740095U-4,"4",Impasse du Bassin de Neptune,"78450",Villepreux,OSM,01010000206A080000459F2F41601B234110D64CFB082B5A41,2020-04-06,626096.127316453,6859811.92656471,"2023"
"POINT (625944.618953969 6859404.97194981)","1566",786740499H-7,"7",Rue Jean Moulin,"78450",Villepreux,OSM,01010000206A080000D988E73C311A2341FD6C343EA32A5A41,2020-04-06,625944.618953969,6859404.97194981,"3115"
"POINT (622570.65422686 6857958.62578787)","1583",784900500J-7,"7",Rue Pasteur,"78370",Plaisir,OSM,01010000206A080000B0D2F64ED5FF224196E80CA839295A41,2020-04-06,622570.65422686,6857958.62578787,"1145"
"POINT (623043.692384731 6858027.83294404)","1584",784900711N-23,"23",Rue de la Volute,"78370",Plaisir,OSM,01010000206A080000624080628703234184F44EF54A295A41,2020-04-06,623043.692384731,6858027.83294404,"1890"
"POINT (623039.791106372 6858099.05335428)","1585",784900188V-179,"179",Avenue du Ch�teau,"78370",Plaisir,OSM,01010000206A080000F3E40B957F03234112286AC35C295A41,2020-04-06,623039.791106372,6858099.05335428,"1950"
"POINT (622623.057722823 6858148.9695946)","1586","784900610D-31","31",Rue de la R�publique,"78370",Plaisir,OSM,01010000206A0800008DD88D1D3E00234184D60D3E69295A41,2020-04-06,622623.057722823,6858148.9695946,"1254"
"POINT (622506.500145344 6858510.15156724)","1587",784900390P-15,"15",Rue Marc Laurent,"78370",Plaisir,OSM,01010000206A080000F20C130055FF22411347B389C3295A41,2020-04-06,622506.500145344,6858510.15156724,"1402"
"POINT (604163.6243603 6872324.43903806)","1588",786470210L-11,"11",Rue des Groux,"78930",Vert,OSM,01010000206A0800003B27AC3F077022411733191C41375A41,2020-04-06,604163.6243603,6872324.43903806,"450"
"POINT (604554.914813175 6872120.44329047)","1589",786470060Y-15,"15",Chemin des Cauvilles,"78930",Vert,OSM,01010000206A080000776462D41573224103DF5E1C0E375A41,2020-04-06,604554.914813175,6872120.44329047,"454"
"POINT (604113.349550686 6871775.40612425)","1590","786470180D-66","66",Grande Rue,"78930",Vert,OSM,01010000206A080000B84EF8B2A26F224192F0FDD9B7365A41,2020-04-06,604113.349550686,6871775.40612425,"376"
"POINT (604269.003341581 6872428.01827799)","1591",786470570C-14,"14",Rue du Tr�sor,"78930",Vert,OSM,01010000206A080000D8FCB501DA70224170772B015B375A41,2020-04-06,604269.003341581,6872428.01827799,"474"
"POINT (604130.930644814 6871996.2175453)","1592","786470180D-37","37",Grande Rue,"78930",Vert,OSM,01010000206A0800001F7A7DDCC56F22412243EC0DEF365A41,2020-04-06,604130.930644814,6871996.2175453,"391"
"POINT (612098.654980477 6873688.48152985)","1594",784020100G-20,"20",Rue de Chauffour,"78970",M�zi�res-sur-Seine,OSM,01010000206A080000E399594F05AE22419862D11E96385A41,2020-04-06,612098.654980477,6873688.48152985,"1267"
"POINT (613424.654238102 6873198.13589809)","1610",782171130F-40,"40",Rue Saint-Martin,"78680",�p�ne,OSM,01010000206A080000E64BF84E61B82241E78DB2881B385A41,2020-04-06,613424.654238102,6873198.13589809,"1111"
"POINT (613377.55603243 6873349.65200658)","1611",782171080B-2,"2",Rue Roulette,"78680",�p�ne,OSM,01010000206A0800005D48B01C03B82241CA79BA6941385A41,2020-04-06,613377.55603243,6873349.65200658,"1165"
"POINT (613372.917271465 6873436.02626671)","1612",782170210F-2B,2BIS,Rue Charles de Gaulle,"78680",�p�ne,C+O,01010000206A080000FD9AA4D5F9B722418E5AAE0157385A41,2020-04-06,613372.917271465,6873436.02626671,"1205"
"POINT (613410.751513206 6873336.0311536)","1613",782171130F-14B,14BIS,Rue Saint-Martin,"78680",�p�ne,C+O,01010000206A080000C356C68045B82241A96BFE013E385A41,2020-04-06,613410.751513206,6873336.0311536,"1151"
"POINT (613328.977805745 6873436.46228847)","1614",782170210F-6,"6",Rue Charles de Gaulle,"78680",�p�ne,OSM,01010000206A0800005EF4A2F4A1B722415C22961D57385A41,2020-04-06,613328.977805745,6873436.46228847,"1238"
"POINT (613271.252285939 6873025.60118064)","1615",782171130F-57,"57",Rue Saint-Martin,"78680",�p�ne,OSM,01010000206A0800005F9F2B812EB722415ABE7966F0375A41,2020-04-06,613271.252285939,6873025.60118064,"1170"
"POINT (624989.182597769 6858197.04740853)","1619",781650590V-9,"9",Avenue des Pommiers,"78340",Les Clayes-sous-Bois,OSM,01010000206A0800006A747D5DBA122341C6BD084375295A41,2020-04-06,624989.182597769,6858197.04740853,"2769"
"POINT (625232.219474637 6858115.51155587)","1620","781650300E-21","21",Avenue des Fauvettes,"78340",Les Clayes-sous-Bois,OSM,01010000206A080000C6FA5E70A0142341D654BDE060295A41,2020-04-06,625232.219474637,6858115.51155587,"2605"
"POINT (618044.115616075 6857384.1043057)","1639",786830114A-7,"7",Impasse du Clos des Chevreuils,"78640",Villiers-Saint-Fr�d�ric,C+O,01010000206A080000BB07323B78DC2241D0F1AC06AA285A41,2020-04-06,618044.115616075,6857384.1043057,"935"
"POINT (618273.656187852 6858172.62199126)","1640",786830085U-44B,44BIS,Rue Charles de Gaulle,"78640",Villiers-Saint-Fr�d�ric,C+O,01010000206A080000A5DAF74F43DE224173B4CE276F295A41,2020-04-06,618273.656187852,6858172.62199126,"1047"
"POINT (620362.270139545 6868476.51719317)","1641",780100034P-5,"5",Clos de la Moutonni�re,"78580",Les Alluets-le-Roi,OSM,01010000206A080000FABA4F8A94EE224165B119217F335A41,2020-04-06,620362.270139545,6868476.51719317,"482"
"POINT (620457.036720788 6868470.0981623)","1642",780100033N-25,"25",Rue du Moulin,"78580",Les Alluets-le-Roi,OSM,01010000206A0800002F11CD1252EF22418A4A48867D335A41,2020-04-06,620457.036720788,6868470.0981623,"482"
"POINT (620651.233325682 6868615.56537158)","1643",780100015U-5,"5",Rue de Crespi�res,"78580",Les Alluets-le-Roi,OSM,01010000206A080000BE767677D6F02241440C2FE4A1335A41,2020-04-06,620651.233325682,6868615.56537158,"498"
"POINT (620623.658749783 6868716.14480735)","1644",780100030K-4,"4",Rue de Maule,"78580",Les Alluets-le-Roi,OSM,01010000206A080000CAA647519FF022410D864409BB335A41,2020-04-06,620623.658749783,6868716.14480735,"505"
"POINT (620564.392662487 6868734.64062798)","1645",780100007K-3,"3",Clos de Br�che,"78580",Les Alluets-le-Roi,OSM,01010000206A080000B50E0BC928F022417C0C00A9BF335A41,2020-04-06,620564.392662487,6868734.64062798,"505"
"POINT (620221.006538584 6868662.07256069)","1646",78010A002Z-12,"12",Domaine des Meuli�res,"78580",Les Alluets-le-Roi,OSM,01010000206A0800007C0659037AED224196D5A484AD335A41,2020-04-06,620221.006538584,6868662.07256069,"497"
"POINT (628085.585494998 6862498.2404874)","1663",785710340H-19,"19",Rue de la Fontaine des Vaux,"78860",Saint-Nom-la-Bret�che,OSM,01010000206A0800001500C62BEB2A23414225648FA82D5A41,2020-04-06,628085.585494998,6862498.2404874,"1413"
"POINT (627867.532417646 6862464.6990126)","1664",785710720W-7,"7",Chemin du Trou � Sable,"78860",Saint-Nom-la-Bret�che,OSM,01010000206A080000B00B991037292341569FBC2CA02D5A41,2020-04-06,627867.532417646,6862464.6990126,"1276"
"POINT (628010.468315116 6862529.42089675)","1666",785710170Y-4,"4",Rue Claude Monet,"78860",Saint-Nom-la-Bret�che,OSM,01010000206A080000B9FFC6EF542A2341F0F8EF5AB02D5A41,2020-04-06,628010.468315116,6862529.42089675,"1391"
"POINT (625985.111819228 6862476.65591326)","1667",785710223F-2,"2",All�e des Cyclamens,"78860",Saint-Nom-la-Bret�che,OSM,01010000206A080000B05E4039821A2341A17BFA29A32D5A41,2020-04-06,625985.111819228,6862476.65591326,"707"
"POINT (625487.387901063 6862014.31089452)","1668",781520138K-30,"30",Grande Rue,"78450",Chavenay,C+O,01010000206A080000D6F79AC69E1623411DB2E5932F2D5A41,2020-04-06,625487.387901063,6862014.31089452,"741"
"POINT (626699.090996057 6857875.49148044)","1728","786740128E-40","40",Avenue de Bois Bataille,"78450",Villepreux,OSM,01010000206A0800000409972E16202341636A74DF24295A41,2020-04-07,626699.090996057,6857875.49148044,"2090"
"POINT (626624.852963692 6858154.43075373)","1729",786740582Y-15,"15",Avenue Pierre de Coubertin,"78450",Villepreux,OSM,01010000206A08000032A8B7B4811F23411978919B6A295A41,2020-04-07,626624.852963692,6858154.43075373,"2929"
"POINT (626757.402477916 6857957.1537127)","1730",786740247J-9,"9",Avenue de la Croix au Moyne,"78450",Villepreux,OSM,01010000206A080000D99511CE8A202341CC6DD64939295A41,2020-04-07,626757.402477916,6857957.1537127,"2223"
"POINT (626955.969966603 6857974.66457523)","1731",786740507S-38,"38",Avenue Nagelmackers,"78450",Villepreux,OSM,01010000206A08000070769FF0172223418E6688AA3D295A41,2020-04-07,626955.969966603,6857974.66457523,"1902"
"POINT (609940.774088827 6863005.46361544)","1742",786810070L-9,"9",All�e des Pr�s,"78770",Villiers-le-Mahieu,OSM,01010000206A080000EB5E558C299D224118E0AB5D272E5A41,2020-04-08,609940.774088827,6863005.46361544,"262"
"POINT (627758.038203103 6862369.31611481)","1752",785710126A-38,"38",Rue Charles de Gaulle,"78860",Saint-Nom-la-Bret�che,C+O,01010000206A0800006B5B8F135C282341A2393B54882D5A41,2020-04-08,627758.038203103,6862369.31611481,"1145"
"POINT (617314.975125196 6862310.22998585)","1755",780620080N-14,"14",Rue du Clos,"78650",Beynes,C+O,01010000206A080000189C43F3C5D622419216B88E792D5A41,2020-04-08,617314.975125196,6862310.22998585,"730"
"POINT (616260.774179915 6857865.84859796)","1765",784430110P-3,"3",Impasse du Lieutel,"78640",Neauphle-le-Vieux,OSM,01010000206A080000544F618C89CE2241CD6D4F7622295A41,2020-04-08,616260.774179915,6857865.84859796,"288"
"POINT (616516.426636059 6857846.14859116)","1766",784430180R-10,"10",Rue de la Pierre Perc�e,"78640",Neauphle-le-Vieux,OSM,01010000206A080000A40A70DA88D02241818482891D295A41,2020-04-08,616516.426636059,6857846.14859116,"404"
"POINT (616607.723959209 6857683.59131014)","1767",784430060K-9B,9BIS,Rue Basse,"78640",Neauphle-le-Vieux,OSM,01010000206A0800000EC8AA723FD122417906D8E5F4285A41,2020-04-08,616607.723959209,6857683.59131014,"418"
"POINT (616524.575688159 6857820.45470032)","1768",784430180R-7,"7",Rue de la Pierre Perc�e,"78640",Neauphle-le-Vieux,OSM,01010000206A0800003199C02699D022415BCF191D17295A41,2020-04-08,616524.575688159,6857820.45470032,"404"
"POINT (615463.53900711 6869328.4962954)","1784",783800092U-22,"22",All�e Claude de Bullion,"78580",Maule,C+O,01010000206A0800006ABDF8134FC82241CC4DC31F54345A41,2020-04-08,615463.53900711,6869328.4962954,"566"
"POINT (615264.902776706 6869297.92657572)","1785",783800092U-7,"7",All�e Claude de Bullion,"78580",Maule,C+O,01010000206A0800009ABF38CEC1C6224144044D7B4C345A41,2020-04-08,615264.902776706,6869297.92657572,"465"
"POINT (615441.910906199 6869623.97235866)","1786",783800375B-22,"22",Sentier de la Voirie,"78580",Maule,OSM,01010000206A0800001C4C62D223C82241D01F3BFE9D345A41,2020-04-08,615441.910906199,6869623.97235866,"532"
"POINT (615712.815701216 6869600.33486228)","1787",783800190A-17,"17",Route de Mantes,"78580",Maule,OSM,01010000206A080000FE96A3A141CA224138626E1598345A41,2020-04-08,615712.815701216,6869600.33486228,"527"
"POINT (624209.89101898 6858155.58561705)","1808",784900042L-146,"146",Rue d'Allemagne,"78370",Plaisir,OSM,01010000206A080000C5A333C8A30C2341ECBF7AE56A295A41,2020-04-09,624209.89101898,6858155.58561705,"2925"
"POINT (623690.150537942 6857917.09452506)","1809",784900621R-41,"41",Rue Robert Desnos,"78370",Plaisir,OSM,01010000206A080000254F134D94082341D7B20C462F295A41,2020-04-09,623690.150537942,6857917.09452506,"2560"
"POINT (624031.718517184 6857991.22768579)","1810",784900091P-90,"90",Rue Baixa da Banheira,"78370",Plaisir,OSM,01010000206A080000007CE16F3F0B2341686792CE41295A41,2020-04-09,624031.718517184,6857991.22768579,"2695"
"POINT (623754.582136728 6857975.07199667)","1811",784900546J-24,"24",Rue Philippe Soupault,"78370",Plaisir,C+O,01010000206A08000042D30D2A15092341EF979BC43D295A41,2020-04-09,623754.582136728,6857975.07199667,"2705"
"POINT (621092.97317456 6858439.03475017)","1817",784900438S-2,"2",Rue Michel-Ange,"78370",Plaisir,OSM,01010000206A0800009AEF43F249F42241C65839C2B1295A41,2020-04-10,621092.97317456,6858439.03475017,"986"
"POINT (620963.624448365 6858161.56933384)","1818",784900430H-5T,5TER,Rue Maurice Barr�s,"78370",Plaisir,OSM,01010000206A08000031B2B73F47F3224138F76F646C295A41,2020-04-10,620963.624448365,6858161.56933384,"1009"
"POINT (621157.059041913 6858113.67646503)","1819",784900510V-13,"13",Rue Paul Bourget,"78370",Plaisir,OSM,01010000206A080000DCBD3A1ECAF42241F6334B6B60295A41,2020-04-10,621157.059041913,6858113.67646503,"994"
"POINT (621339.212251147 6858294.90704465)","1820",784900447B-22,"22",Rue des Moissons,"78370",Plaisir,OSM,01010000206A080000AD2EAC6C36F6224105050DBA8D295A41,2020-04-10,621339.212251147,6858294.90704465,"980"
"POINT (620845.206736586 6873157.74706443)","1837",782060020X-39,"39",Rue du Bel-Air,"78920",Ecquevilly,OSM,01010000206A080000BA60D9695AF2224159E7CF6F11385A41,2020-04-10,620845.206736586,6873157.74706443,"1120"
"POINT (620614.863253564 6872918.34431678)","1838",782060083R-13,"13",Avenue des Fontaines,"78920",Ecquevilly,OSM,01010000206A080000005FFCB98DF022413F490996D5375A41,2020-04-10,620614.863253564,6872918.34431678,"1115"
"POINT (620558.788548573 6873139.32058835)","1839",782060060R-8,"8",Rue des Deux Charmes,"78920",Ecquevilly,C+O,01010000206A0800007AA3BC931DF02241058584D40C385A41,2020-04-10,620558.788548573,6873139.32058835,"1093"
"POINT (620640.203407896 6873302.35661016)","1840",782060099H-17,"17",Rue de la Louvette,"78920",Ecquevilly,OSM,01010000206A08000067142568C0F0224168B3D29635385A41,2020-04-10,620640.203407896,6873302.35661016,"1081"
"POINT (620845.444018462 6873180.43174016)","1841",782060200T-7,"7",Rue des Vignes,"78920",Ecquevilly,OSM,01010000206A080000466356E35AF222417EA1A11B17385A41,2020-04-10,620845.444018462,6873180.43174016,"1121"
"POINT (620600.873725451 6873179.78103342)","1842",782060098G-5,"5",Rue de la Jonch�e,"78920",Ecquevilly,OSM,01010000206A0800003DF158BF71F022419673FCF116385A41,2020-04-10,620600.873725451,6873179.78103342,"1094"
"POINT (620617.565005102 6873099.14317554)","1843",782060033L-6,"6",Rue de la Cerisaie,"78920",Ecquevilly,OSM,01010000206A0800004459482193F02241BEC929C902385A41,2020-04-10,620617.565005102,6873099.14317554,"1102"
"POINT (624471.143649123 6864319.40984065)","1913",78233A003F-34,"34",Domaine de l'Abbaye,"78810",Feucherolles,OSM,01010000206A080000B8608C49AE0E23414CD43ADA6F2F5A41,2020-04-10,624471.143649123,6864319.40984065,"858"
"POINT (624656.343575617 6864131.7280435)","1914",782330045G-28,"28",Grande Rue,"78810",Feucherolles,OSM,01010000206A080000AE24E9AF20102341C24398EE402F5A41,2020-04-10,624656.343575617,6864131.7280435,"855"
"POINT (619461.161801043 6861954.60880568)","1935",780620246U-8,"8",Rue des Ibis,"78650",Beynes,OSM,01010000206A0800001496D7528AE722411DACF6A6202D5A41,2020-04-10,619461.161801043,6861954.60880568,"1133"
"POINT (619193.097965511 6862082.11312272)","1936",780620495P-66,"66",Rue du Roussillon,"78650",Beynes,OSM,01010000206A0800001089283272E5224114673D87402D5A41,2020-04-10,619193.097965511,6862082.11312272,"1116"
"POINT (619264.138750356 6861940.22538308)","1937",780620005G-18,"18",Rue des Albatros,"78650",Beynes,OSM,01010000206A0800005F490A4700E622412CAD6C0E1D2D5A41,2020-04-10,619264.138750356,6861940.22538308,"1083"
"POINT (619252.973029572 6862234.2972031)","1938",780620415C-12,"12",Rue des Myosotis,"78650",Beynes,OSM,01010000206A0800009AEE30F2E9E5224127600593662D5A41,2020-04-10,619252.973029572,6862234.2972031,"1121"
"POINT (619255.445049617 6862179.99439845)","1939",780620415C-6,"6",Rue des Myosotis,"78650",Beynes,OSM,01010000206A080000188BDDE3EEE522416839A4FF582D5A41,2020-04-10,619255.445049617,6862179.99439845,"1114"
"POINT (619029.369858071 6861950.39642592)","1940",780620495P-11,"11",Rue du Roussillon,"78650",Beynes,OSM,01010000206A0800007A095EBD2AE42241D20A5F991F2D5A41,2020-04-10,619029.369858071,6861950.39642592,"1135"
"POINT (618987.077428607 6861875.36794887)","1941",780620447M-7,"7",Chemin de Paris,"78650",Beynes,OSM,01010000206A080000EDB8A427D6E322416B798CD70C2D5A41,2020-04-10,618987.077428607,6861875.36794887,"1188"
"POINT (627347.990830158 6856699.17548019)","1996",780730542T-10,"10",Rue Raimu,"78390",Bois-d'Arcy,C+O,01010000206A08000025174EFB2725234144113BCBFE275A41,2020-04-10,627347.990830158,6856699.17548019,"938"
"POINT (627347.990830158 6856699.17548019)","1997",780730258J-30,"30",All�e Greta Garbo,"78390",Bois-d'Arcy,C+O,01010000206A08000025174EFB2725234144113BCBFE275A41,2020-04-10,627347.990830158,6856699.17548019,"938"
"POINT (625884.509509129 6859394.95370666)","2017",786740525L-3,"3",Chemin des Nourrices,"78450",Villepreux,OSM,01010000206A0800007061DE04B9192341AA8709BDA02A5A41,2020-04-11,625884.509509129,6859394.95370666,"3029"
"POINT (625718.781059991 6859369.94205523)","2018",781650710A-26,"26",Avenue de Saint-Germain,"78340",Les Clayes-sous-Bois,OSM,01010000206A0800005A18E78F6D18234103A24A7C9A2A5A41,2020-04-11,625718.781059991,6859369.94205523,"2624"
"POINT (622542.760129841 6857712.1324068)","2025","784900173D-3","3",Rue de la Cour des Pr�s,"78370",Plaisir,OSM,01010000206A0800000EBD2F859DFF22415F5A7908FC285A41,2020-04-11,622542.760129841,6857712.1324068,"1098"
"POINT (622978.25406346 6858270.45305119)","2026",784900320N-9,"9",Rue Jules Verne,"78370",Plaisir,OSM,01010000206A080000169B1482040323416ECAFE9C87295A41,2020-04-11,622978.25406346,6858270.45305119,"1889"
"POINT (604262.385931516 6872063.66303167)","2027",786470450X-1,"1",Ruelle du Pont Jaffet,"78930",Vert,OSM,01010000206A080000CFD098C5CC702241681C6FEAFF365A41,2020-04-11,604262.385931516,6872063.66303167,"413"
"POINT (604037.470975373 6872006.66499612)","2028",786470150W-13,"13",Rue de la Cressonni�re,"78930",Vert,C+O,01010000206A08000024AF23F10A6F2241E44B8FAAF1365A41,2020-04-11,604037.470975373,6872006.66499612,"388"
"POINT (613318.688394379 6873101.8522108)","2045",782171130F-49,"49",Rue Saint-Martin,"78680",�p�ne,OSM,01010000206A080000643A75608DB72241279F8A7603385A41,2020-04-11,613318.688394379,6873101.8522108,"1155"
"POINT (613359.158617589 6873417.21421617)","2046",782170210F-3,"3",Rue Charles de Gaulle,"78680",�p�ne,OSM,01010000206A08000018533651DEB72241BEB7B54D52385A41,2020-04-11,613359.158617589,6873417.21421617,"1209"
"POINT (613227.862361213 6873502.151379)","2047",782170541R-9,"9",Rue Fournier,"78680",�p�ne,C+O,01010000206A080000AD6887B9D7B622418C31B08967385A41,2020-04-11,613227.862361213,6873502.151379,"1313"
"POINT (613354.360120795 6873194.74008951)","2048",782170730W-3,"3",All�e des Mara�chers,"78680",�p�ne,C+O,01010000206A080000BEC061B8D4B7224165A05DAF1A385A41,2020-04-11,613354.360120795,6873194.74008951,"1137"
"POINT (613351.498774968 6873546.34137984)","2049",782170630M-6,"6",Rue de la Ge�le,"78680",�p�ne,C+O,01010000206A080000BC6E5FFFCEB72241D72AD99572385A41,2020-04-11,613351.498774968,6873546.34137984,"1254"
"POINT (624858.647588905 6858289.81120035)","2052",781650522W-8,"8",Rue Pasteur,"78340",Les Clayes-sous-Bois,CAD,01010000206A080000E0C5904BB5112341E0B4EA738C295A41,2020-04-11,624858.647588905,6858289.81120035,"2943"
"POINT (625432.373677037 6858279.17848951)","2053","781650530E-6","6",Chemin de la P�pini�re,"78340",Les Clayes-sous-Bois,OSM,01010000206A080000BD9852BF30162341435F6CCB89295A41,2020-04-11,625432.373677037,6858279.17848951,"2895"
"POINT (625393.986001881 6858348.95037044)","2054",781650370F-54,"54",Rue Henri Prou,"78340",Les Clayes-sous-Bois,OSM,01010000206A080000133DD5F8E31523418CDED23C9B295A41,2020-04-11,625393.986001881,6858348.95037044,"2952"
"POINT (618316.229755168 6858192.14959875)","2065",786830085U-38,"38",Rue Charles de Gaulle,"78640",Villiers-Saint-Fr�d�ric,OSM,01010000206A0800002D78A27598DE2241A706930974295A41,2020-04-11,618316.229755168,6858192.14959875,"1010"
"POINT (620615.968181999 6868502.83612896)","2066",780100012R-3,"3",Rue de la Costi�re,"78580",Les Alluets-le-Roi,OSM,01010000206A0800000B8DB5EF8FF02241062383B585335A41,2020-04-11,620615.968181999,6868502.83612896,"487"
"POINT (620890.751742917 6868843.82782857)","2067","780100025E-13","13",Grande Rue,"78580",Les Alluets-le-Roi,OSM,01010000206A0800009B72E480B5F22241B324FBF4DA335A41,2020-04-11,620890.751742917,6868843.82782857,"504"
"POINT (620480.08108103 6868562.75393573)","2068",78010B022H-5,"5",Moulin Capignard,"78580",Les Alluets-le-Roi,CAD,01010000206A080000E673832980EF2241AA7B40B094335A41,2020-04-11,620480.08108103,6868562.75393573,"495"
"POINT (627860.192713072 6862317.22306216)","2077",785710126A-16,"16",Rue Charles de Gaulle,"78860",Saint-Nom-la-Bret�che,OSM,01010000206A080000AB49AB62282923417FA6464E7B2D5A41,2020-04-11,627860.192713072,6862317.22306216,"1191"
"POINT (628043.792569285 6862341.29499229)","2079",785710460N-4,"4",Rue du Moulin � Vent,"78860",Saint-Nom-la-Bret�che,OSM,01010000206A08000030A4CB95972A23415827E152812D5A41,2020-04-11,628043.792569285,6862341.29499229,"1320"
"POINT (628098.430441455 6862522.2122675)","2080",785710340H-21,"21",Rue de la Fontaine des Vaux,"78860",Saint-Nom-la-Bret�che,OSM,01010000206A08000086D262DC042B234168CA958DAE2D5A41,2020-04-11,628098.430441455,6862522.2122675,"1427"
"POINT (627597.974214027 6856519.35435296)","2081",780730170N-16,"16",Rue Danton,"78390",Bois-d'Arcy,OSM,01010000206A0800004F2ECCF21B27234105B8ADD6D1275A41,2020-04-12,627597.974214027,6856519.35435296,"1206"
"POINT (610141.006612723 6862900.59798755)","2106",786810062C-7,"7",Rue Normande,"78770",Villiers-le-Mahieu,OSM,01010000206A0800002CBE6203BA9E2241946D45260D2E5A41,2020-04-13,610141.006612723,6862900.59798755,"273"
"POINT (609774.519422693 6862855.80589043)","2107",786810012Y-13,"13",Rue du Centre,"78770",Villiers-le-Mahieu,C+O,01010000206A0800006EC5F109DD9B224179B593F3012E5A41,2020-04-13,609774.519422693,6862855.80589043,"256"
"POINT (615476.780353582 6869397.03259233)","2127",783800375B-10,"10",Sentier de la Voirie,"78580",Maule,OSM,01010000206A08000038818A8F69C822411FFE154265345A41,2020-04-13,615476.780353582,6869397.03259233,"531"
"POINT (615749.064614864 6869401.9586067)","2128",783800190A-3B,3BIS,Route de Mantes,"78580",Maule,OSM,01010000206A080000113315218ACA2241EFCF597D66345A41,2020-04-13,615749.064614864,6869401.9586067,"646"
"POINT (615645.070207255 6869402.58406156)","2129",783800190A-5350,"5350",Route de Mantes,"78580",Maule,C+O,01010000206A0800009034F223BAC92241BA4361A566345A41,2020-04-13,615645.070207255,6869402.58406156,"605"
"POINT (623929.192055216 6858001.57928986)","2140",784900469A-23,"23",Place des Oeillets,"78370",Plaisir,OSM,01010000206A080000B00F5562720A2341C915136544295A41,2020-04-14,623929.192055216,6858001.57928986,"2711"
"POINT (620906.334524495 6858101.52339395)","2144",784900296M-3,"3",Impasse Jean-Baptiste Cl�ment,"78370",Plaisir,OSM,01010000206A08000068CB46ABD4F2224156497F615D295A41,2020-04-15,620906.334524495,6858101.52339395,"995"
"POINT (621321.439928942 6858067.51874105)","2145",784900110K-1475,"1475",Rue de la Boissi�re,"78370",Plaisir,OSM,01010000206A080000C45D3EE112F62241A60D33E154295A41,2020-04-15,621321.439928942,6858067.51874105,"962"
"POINT (621319.495815745 6858092.00943554)","2146",784900510V-2,"2",Rue Paul Bourget,"78370",Plaisir,OSM,01010000206A080000B78FDBFD0EF6224188979A005B295A41,2020-04-15,621319.495815745,6858092.00943554,"964"
"POINT (620676.48713927 6873085.54483419)","2163",782060033L-7,"7",Rue de la Cerisaie,"78920",Ecquevilly,OSM,01010000206A08000080516AF908F122413590DE62FF375A41,2020-04-15,620676.48713927,6873085.54483419,"1109"
"POINT (620667.357651443 6873071.43452291)","2164",782060033L-22,"22",Rue de la Cerisaie,"78920",Ecquevilly,OSM,01010000206A08000004171EB7F6F022412A39CFDBFB375A41,2020-04-15,620667.357651443,6873071.43452291,"1108"
"POINT (620558.788548573 6873139.32058835)","2165","782060096E-12","12",Rue du H�tre Rouge,"78920",Ecquevilly,C+O,01010000206A0800007AA3BC931DF02241058584D40C385A41,2020-04-15,620558.788548573,6873139.32058835,"1093"
"POINT (620719.816940043 6872965.72790213)","2166",782060020X-10,"10",Rue du Bel-Air,"78920",Ecquevilly,OSM,01010000206A0800001EF745A25FF12241D4F2956EE1375A41,2020-04-15,620719.816940043,6872965.72790213,"1123"
"POINT (620558.788548573 6873139.32058835)","2167",782060060R-1,"1",Rue des Deux Charmes,"78920",Ecquevilly,C+O,01010000206A0800007AA3BC931DF02241058584D40C385A41,2020-04-15,620558.788548573,6873139.32058835,"1093"
"POINT (619256.24288388 6862163.52484944)","2221",780620415C-4,"4",Rue des Myosotis,"78650",Beynes,OSM,01010000206A080000A0465B7CF0E522411E2297E1542D5A41,2020-04-15,619256.24288388,6862163.52484944,"1109"
"POINT (619317.82750968 6862333.2563456)","2222",780620017V-21,"21",Rue du Blanc Soleil,"78650",Beynes,OSM,01010000206A0800004759AFA76BE6224160F767507F2D5A41,2020-04-15,619317.82750968,6862333.2563456,"1154"
"POINT (619366.862953819 6862350.25535448)","2223",780620017V-27,"27",Rue du Blanc Soleil,"78650",Beynes,OSM,01010000206A0800003A15D5B9CDE622414FBA5790832D5A41,2020-04-15,619366.862953819,6862350.25535448,"1176"
"POINT (619138.47651646 6861906.94816754)","2224",780620495P-33,"33",Rue du Roussillon,"78650",Beynes,OSM,01010000206A08000027F7F9F304E52241E9C6AEBC142D5A41,2020-04-15,619138.47651646,6861906.94816754,"1102"
"POINT (619190.160209876 6862029.33147836)","2225",780620495P-60,"60",Rue du Roussillon,"78650",Beynes,OSM,01010000206A080000670707526CE5224107F13655332D5A41,2020-04-15,619190.160209876,6862029.33147836,"1110"
"POINT (627648.897435788 6856579.87799557)","2269",780730029K-9,"9",All�e Andr� Ch�nier,"78390",Bois-d'Arcy,C+O,01010000206A08000022B47CCB81272341591431F8E0275A41,2020-04-15,627648.897435788,6856579.87799557,"1224"
"POINT (627515.554453741 6856612.9011802)","2271",780730403S-11,"11",Rue Marcello Mastroianni,"78390",Bois-d'Arcy,OSM,01010000206A080000565CE11B77262341BCEFAC39E9275A41,2020-04-15,627515.554453741,6856612.9011802,"1083"
"POINT (625827.103079128 6859412.59066897)","2288",781650496T-94,"94",Chemin des Nourrices,"78340",Les Clayes-sous-Bois,OSM,01010000206A08000096C9C634461923413685CD25A52A5A41,2020-04-16,625827.103079128,6859412.59066897,"2794"
"POINT (625853.760525433 6859327.06927291)","2289",781650260L-12,"12",Avenue de l'Epine Vinette,"78340",Les Clayes-sous-Bois,OSM,01010000206A080000EC9663857B192341A6F76EC48F2A5A41,2020-04-16,625853.760525433,6859327.06927291,"3122"
"POINT (622877.993033911 6858423.01968016)","2294",784900297N-7,"7",Rue Jean Antoine Houdon,"78370",Plaisir,OSM,01010000206A080000D7F06EFC3B022341937042C1AD295A41,2020-04-16,622877.993033911,6858423.01968016,"1795"
"POINT (613319.997769686 6873516.56233688)","2306",782170630M-17,"17",Rue de la Ge�le,"78680",�p�ne,C+O,01010000206A08000013ABDBFE8FB72241CF53FD236B385A41,2020-04-16,613319.997769686,6873516.56233688,"1261"
"POINT (624838.581472197 6858469.54945215)","2308",781650522W-27,"27",Rue Pasteur,"78340",Les Clayes-sous-Bois,CAD,01010000206A0800004FB9B6298D11234156392A63B9295A41,2020-04-16,624838.581472197,6858469.54945215,"3042"
"POINT (620339.493055439 6868499.2953183)","2320",780100067A-15,"15",Rue Traversi�re,"78580",Les Alluets-le-Roi,C+O,01010000206A08000037C371FC66EE2241B97EE6D284335A41,2020-04-16,620339.493055439,6868499.2953183,"483"
"POINT (628035.344730939 6862836.70194145)","2326",785710048R-21,"21",Rue Arthur Rimbaud,"78860",Saint-Nom-la-Bret�che,OSM,01010000206A080000D89280B0862A2341D79BEC2CFD2D5A41,2020-04-16,628035.344730939,6862836.70194145,"1424"
"POINT (610015.165753578 6862763.76300184)","2346",786810062C-22B,22BIS,Rue Normande,"78770",Villiers-le-Mahieu,OSM,01010000206A0800002BA7DD54BE9D2241A805D5F0EA2D5A41,2020-04-18,610015.165753578,6862763.76300184,"262"
"POINT (609823.797599722 6863108.26119014)","2347",786810005R-3,"3",Rue des 24 Arpents,"78770",Villiers-le-Mahieu,OSM,01010000206A080000A0FD5E983F9C2241D456B710412E5A41,2020-04-18,609823.797599722,6863108.26119014,"260"
"POINT (615645.070207255 6869402.58406156)","2359",783800190A-5350,"5350",Route de Mantes,"78580",Maule,C+O,01010000206A0800009034F223BAC92241BA4361A566345A41,2020-04-18,615645.070207255,6869402.58406156,"605"
"POINT (615749.064614864 6869401.9586067)","2360",783800190A-3B,3BIS,Route de Mantes,"78580",Maule,OSM,01010000206A080000113315218ACA2241EFCF597D66345A41,2020-04-18,615749.064614864,6869401.9586067,"646"
"POINT (615745.871862918 6869434.36812081)","2361",783800190A-7,"7",Route de Mantes,"78580",Maule,OSM,01010000206A08000000D164BE83CA2241964A8F976E345A41,2020-04-18,615745.871862918,6869434.36812081,"611"
"POINT (623789.316363596 6858220.81393183)","2372",784900094T-11,"11",Avenue des Bauges,"78370",Plaisir,OSM,01010000206A080000C168FAA15A092341877517347B295A41,2020-04-19,623789.316363596,6858220.81393183,"2742"
"POINT (620965.231780872 6858274.08346385)","2374",784900298P-11,"11",All�e Jean-Baptiste Carpeaux,"78370",Plaisir,OSM,01010000206A0800007EFBAB764AF32241C378578588295A41,2020-04-20,620965.231780872,6858274.08346385,"1003"
"POINT (621069.936378612 6858133.09899052)","2375",784900510V-22,"22",Rue Paul Bourget,"78370",Plaisir,OSM,01010000206A08000077046DDF1BF4224154DC554665295A41,2020-04-20,621069.936378612,6858133.09899052,"1026"
"POINT (621515.720106373 6858152.17850796)","2376",784900110K-1258,"1258",Rue de la Boissi�re,"78370",Plaisir,OSM,01010000206A08000056C8B17097F72241AAAC6C0B6A295A41,2020-04-20,621515.720106373,6858152.17850796,"1068"
"POINT (621140.933567703 6858294.04232382)","2377",784900063J-11,"11",All�e Antoine Bourdelle,"78370",Plaisir,OSM,01010000206A0800000596FCDDA9F42241F56EB5828D295A41,2020-04-20,621140.933567703,6858294.04232382,"1019"
"POINT (620662.278739827 6873074.9518778)","2391",782060033L-20,"20",Rue de la Cerisaie,"78920",Ecquevilly,OSM,01010000206A08000094FCB68EECF02241DC90EBBCFC375A41,2020-04-20,620662.278739827,6873074.9518778,"1108"
"POINT (619120.974598277 6862219.79124047)","2427",780620010M-19,"19",Rue d'Auvergne,"78650",Beynes,OSM,01010000206A0800009C8BFEF2E1E4224113AFA3F2622D5A41,2020-04-20,619120.974598277,6862219.79124047,"1093"
"POINT (619215.146467925 6862294.9868294)","2428",78062A020T-1,"1",R�sidence Navarre,"78650",Beynes,C+O,01010000206A08000005D8FD4A9EE522417B3628BF752D5A41,2020-04-20,619215.146467925,6862294.9868294,"1119"
"POINT (618944.16147786 6861976.16431631)","2429",780620447M-15,"15",Chemin de Paris,"78650",Beynes,OSM,01010000206A080000DC39AD5280E322419228840A262D5A41,2020-04-20,618944.16147786,6861976.16431631,"1190"
"POINT (625838.024425532 6859307.92154239)","2470",781650260L-9,"9",Avenue de l'Epine Vinette,"78340",Les Clayes-sous-Bois,OSM,01010000206A080000DB80810C5C192341EB8CFAFA8A2A5A41,2020-04-21,625838.024425532,6859307.92154239,"3139"
"POINT (622803.992194325 6858589.69473878)","2476",784900532U-24,"24",Rue du Petit Bois,"78370",Plaisir,OSM,01010000206A08000001E500FCA7012341A599766CD7295A41,2020-04-21,622803.992194325,6858589.69473878,"1714"
"POINT (609873.503354334 6862676.3311293)","2503",786810007T-9,"9",Rue Bernard Buffet,"78770",Villiers-le-Mahieu,C+O,01010000206A080000C4A8B701A39C2241F3383115D52D5A41,2020-04-23,609873.503354334,6862676.3311293,"265"
"POINT (615751.717960536 6869413.04128608)","2510",783800190A-5,"5",Route de Mantes,"78580",Maule,OSM,01010000206A080000FF85986F8FCA2241626EA44269345A41,2020-04-23,615751.717960536,6869413.04128608,"637"
"POINT (615724.282215776 6869542.22571188)","2511",783800190A-13,"13",Route de Mantes,"78580",Maule,OSM,01010000206A08000014967E9058CA22414110728E89345A41,2020-04-23,615724.282215776,6869542.22571188,"541"
"POINT (623806.065690452 6857958.71585975)","2529",784900316J-69,"69",Rue Jacques Durand,"78370",Plaisir,OSM,01010000206A080000CC2DA2217C0923416CA5D0AD39295A41,2020-04-24,623806.065690452,6857958.71585975,"2676"
"POINT (623769.786314905 6858304.80503584)","2530",784900094T-402,"402",Avenue des Bauges,"78370",Plaisir,OSM,01010000206A08000005DE97923309234110B5853390295A41,2020-04-24,623769.786314905,6858304.80503584,"2758"
"POINT (619199.550324301 6862413.19366719)","2560",78062A020T-10,"10",R�sidence Navarre,"78650",Beynes,C+O,01010000206A0800005A1BC4197FE52241100B654C932D5A41,2020-04-25,619199.550324301,6862413.19366719,"1129"
"POINT (626078.887960839 6859415.71257687)","2578",786740499H-6,"6",Rue Jean Moulin,"78450",Villepreux,OSM,01010000206A08000095CDA2C63D1B234109DC9AEDA52A5A41,2020-04-26,626078.887960839,6859415.71257687,"3339"
"POINT (610134.743833726 6862790.15372307)","2595",786810008U-1E,1E,Rue de Boulaincourt,"78770",Villiers-le-Mahieu,C+O,01010000206A0800002AC6D77CAD9E22414999D689F12D5A41,2020-04-28,610134.743833726,6862790.15372307,"264"
"POINT (609841.387484381 6862833.52389647)","2596",786810012Y-9,"9",Rue du Centre,"78770",Villiers-le-Mahieu,OSM,01010000206A080000535A64C6629C224111858761FC2D5A41,2020-04-28,609841.387484381,6862833.52389647,"256"
"POINT (615857.680364679 6869260.47211649)","2609",783800090S-31,"31",Chemin de Clairefontaine,"78580",Maule,OSM,01010000206A0800005EC2585C63CB22411228371E43345A41,2020-04-28,615857.680364679,6869260.47211649,"899"
"POINT (615965.615797176 6869278.69948317)","2610",78380B025C-5135,"5135",Clairefontaine,"78580",Maule,CAD,01010000206A08000078C4493B3BCC22411155C4AC47345A41,2020-04-28,615965.615797176,6869278.69948317,"912"
"POINT (615901.731145519 6869275.62395981)","2611",78380B025C-5537,"5537",Clairefontaine,"78580",Maule,CAD,01010000206A08000098B45876BBCB224121F5EEE746345A41,2020-04-28,615901.731145519,6869275.62395981,"902"
"POINT (615467.084387187 6869455.78360587)","2612",783800375B-12,"12",Sentier de la Voirie,"78580",Maule,OSM,01010000206A08000024CC342B56C822413E9926F273345A41,2020-04-28,615467.084387187,6869455.78360587,"517"
"POINT (626002.236144307 6859225.53545915)","2677",781650256G-10,"10",Rue E Belin,"78340",Les Clayes-sous-Bois,CAD,01010000206A08000018E8E778A41A234172F64462762A5A41,2020-05-01,626002.236144307,6859225.53545915,"3674"
"POINT (626059.808039301 6859525.7118358)","2678",786740718W-25,"25",Rue Sonia Delaunay,"78450",Villepreux,OSM,01010000206A080000C553B79D171B2341C3B78E6DC12A5A41,2020-05-01,626059.808039301,6859525.7118358,"2929"
"POINT (615644.527044392 6869440.73809868)","2694",783800116V-5363,"5363",Route Departementale 191,"78580",Maule,CAD,01010000206A08000036C3D80DB9C922413B023D2F70345A41,2020-05-03,615644.527044392,6869440.73809868,"568"
"POINT (615889.321845682 6869148.0206904)","2695",783800090S-27A,27A,Chemin de Clairefontaine,"78580",Maule,OSM,01010000206A0800000EF5C8A4A2CB2241D0FD520127345A41,2020-05-03,615889.321845682,6869148.0206904,"1057"
"POINT (615899.804420652 6869117.84086121)","2696",783800090S-27,"27",Chemin de Clairefontaine,"78580",Maule,OSM,01010000206A0800001506DD9BB7CB22418EABD0751F345A41,2020-05-03,615899.804420652,6869117.84086121,"1094"
"POINT (615826.148727509 6869098.22624542)","2697",783800270M-12,"12",Avenue du Pre Rolet,"78580",Maule,CAD,01010000206A0800001603264C24CB224112CE7A8E1A345A41,2020-05-03,615826.148727509,6869098.22624542,"1095"
"POINT (615441.910906199 6869623.97235866)","2743",783800375B-22,"22",Sentier de la Voirie,"78580",Maule,OSM,01010000206A0800001C4C62D223C82241D01F3BFE9D345A41,2020-05-08,615441.910906199,6869623.97235866,"532"
"POINT (615826.148727509 6869098.22624542)","2744",783800270M-18,"18",Avenue du Pre Rolet,"78580",Maule,CAD,01010000206A0800001603264C24CB224112CE7A8E1A345A41,2020-05-08,615826.148727509,6869098.22624542,"1095"
"POINT (615857.680364679 6869260.47211649)","2745",783800090S-31,"31",Chemin de Clairefontaine,"78580",Maule,OSM,01010000206A0800005EC2585C63CB22411228371E43345A41,2020-05-08,615857.680364679,6869260.47211649,"899"
"POINT (615881.91772267 6869173.15121527)","2746",783800090S-27B,27B,Chemin de Clairefontaine,"78580",Maule,OSM,01010000206A080000EFBEDFD593CB2241CD82AD492D345A41,2020-05-08,615881.91772267,6869173.15121527,"1021"
"POINT (615801.690193156 6868948.66727886)","2747",783800270M-9,"9",Avenue du Pre Rolet,"78580",Maule,CAD,01010000206A08000055FF6061F3CA224162B2B42AF5335A41,2020-05-08,615801.690193156,6868948.66727886,"1228"
"POINT (615415.446641587 6869337.76252807)","2775",783800092U-26,"26",All�e Claude de Bullion,"78580",Maule,C+O,01010000206A080000C634AEE4EEC722418C42CD7056345A41,2020-05-13,615415.446641587,6869337.76252807,"531"
"POINT (615801.690193156 6868948.66727886)","2776",783800270M-21,"21",Avenue du Pre Rolet,"78580",Maule,CAD,01010000206A08000055FF6061F3CA224162B2B42AF5335A41,2020-05-13,615801.690193156,6868948.66727886,"1228"
"POINT (615984.570413683 6869190.89967776)","2777",783800154L-8,"8",Chemin des Hauts de Clairefontaine,"78580",Maule,OSM,01010000206A08000022430D2461CC22410A5294B931345A41,2020-05-13,615984.570413683,6869190.89967776,"1066"
"POINT (615948.496677823 6869003.36272674)","2778",783800090S-30,"30",Chemin de Clairefontaine,"78580",Maule,OSM,01010000206A080000408E4CFE18CC224135EA36D702345A41,2020-05-13,615948.496677823,6869003.36272674,"1260"
"POINT (615826.148727509 6869098.22624542)","2779",783800270M-28,"28",Avenue du Pre Rolet,"78580",Maule,CAD,01010000206A0800001603264C24CB224112CE7A8E1A345A41,2020-05-13,615826.148727509,6869098.22624542,"1095"
"POINT (615826.148727509 6869098.22624542)","2780",783800270M-10,"10",Avenue du Pre Rolet,"78580",Maule,CAD,01010000206A0800001603264C24CB224112CE7A8E1A345A41,2020-05-13,615826.148727509,6869098.22624542,"1095"
"POINT (615826.148727509 6869098.22624542)","2781",783800270M-24,"24",Avenue du Pre Rolet,"78580",Maule,CAD,01010000206A0800001603264C24CB224112CE7A8E1A345A41,2020-05-13,615826.148727509,6869098.22624542,"1095"
"POINT (615967.068138517 6868899.22038493)","2782",783800090S-22B,22BIS,Chemin de Clairefontaine,"78580",Maule,OSM,01010000206A080000390DE3223ECC22416AC91ACEE8335A41,2020-05-13,615967.068138517,6868899.22038493,"1351"
"POINT (615296.820803424 6869185.1340237)","2841","783800354D-7","7",All�e de Sancy,"78580",Maule,C+O,01010000206A080000B05840A401C7224124D8934830345A41,2020-05-18,615296.820803424,6869185.1340237,"594"
"POINT (615268.26577071 6869177.21111105)","2842","783800354D-5","5",All�e de Sancy,"78580",Maule,C+O,01010000206A08000036191388C8C62241EDD7824D2E345A41,2020-05-18,615268.26577071,6869177.21111105,"584"
"POINT (615984.570413683 6869190.89967776)","2843",783800154L-8,"8",Chemin des Hauts de Clairefontaine,"78580",Maule,OSM,01010000206A08000022430D2461CC22410A5294B931345A41,2020-05-18,615984.570413683,6869190.89967776,"1066"
"POINT (615954.807272828 6868882.71655648)","2844",783800090S-5039,"5039",Chemin de Clairefontaine,"78580",Maule,C+O,01010000206A08000038DD529D25CC2241B20FDCADE4335A41,2020-05-18,615954.807272828,6868882.71655648,"1349"
"POINT (615801.690193156 6868948.66727886)","2845",783800270M-13,"13",Avenue du Pre Rolet,"78580",Maule,CAD,01010000206A08000055FF6061F3CA224162B2B42AF5335A41,2020-05-18,615801.690193156,6868948.66727886,"1228"
"POINT (616053.046385219 6868762.62683799)","2895",78380B089X-5571,"5571",Pousse Motte,"78580",Maule,CAD,01010000206A080000ACCDBF17EACC2241131D1EA8C6335A41,2020-05-23,616053.046385219,6868762.62683799,"1529"
"POINT (616142.731262552 6868486.96576354)","2927",783800250R-5001,"5001",Boulevard Paul Barr�,"78580",Maule,C+O,01010000206A080000930B68769DCD2241E311CFBD81335A41,2020-05-28,616142.731262552,6868486.96576354,"1608"
"POINT (615950.82905198 6868946.94402059)","2928",783800090S-13T,13TER,Chemin de Clairefontaine,"78580",Maule,OSM,01010000206A0800004B8079A81DCC224151D56ABCF4335A41,2020-05-28,615950.82905198,6868946.94402059,"1311"
"POINT (616057.242168656 6868677.93332482)","2964",78380B089X-5518,"5518",Pousse Motte,"78580",Maule,CAD,01010000206A080000B087FD7BF2CC22410698BB7BB1335A41,2020-06-02,616057.242168656,6868677.93332482,"1549"
