DEPCOM,NOM_COM,IRIS,DCOMIRIS,NOM_IRIS,TYP_IRIS,ORIGINE,NUMPOINTS,X,Y
0,75101,PARIS 1ER ARRONDISSEMENT,0101,751010101,SAINT-GERMAIN L'AUXERROIS 1,H,,11,651977.9605147,6862245.7609321
1,75101,PARIS 1ER ARRONDISSEMENT,0102,751010102,SAINT-GERMAIN L'AUXERROIS 2,A,,0,651868.7623829,6861957.2422678
2,75101,PARIS 1ER ARRONDISSEMENT,0103,751010103,SAINT-GERMAIN L'AUXERROIS 3,A,,7,651708.3000767,6862370.7624118
3,75101,PARIS 1ER ARRONDISSEMENT,0104,751010104,SAINT-GERMAIN L'AUXERROIS 4,A,,1,651239.2694971,6862548.4224049
4,75101,PARIS 1ER ARRONDISSEMENT,0105,751010105,TUILERIES,D,,0,650613.8782867,6862837.3701962
5,75101,PARIS 1ER ARRONDISSEMENT,0199,751010199,SEINE ET BERGES,D,,1,651309.0170098,6862307.7166426
6,75101,PARIS 1ER ARRONDISSEMENT,0201,751010201,LES HALLES 1,H,,24,652218.0250563,6862546.0555879
7,75101,PARIS 1ER ARRONDISSEMENT,0202,751010202,LES HALLES 2,H,,14,651834.2821072,6862480.4956040
8,75101,PARIS 1ER ARRONDISSEMENT,0203,751010203,LES HALLES 3,H,,23,651754.9469772,6862681.3325546
9,75101,PARIS 1ER ARRONDISSEMENT,0204,751010204,LES HALLES 4,H,,5,652039.4391680,6862813.5068213
10,75101,PARIS 1ER ARRONDISSEMENT,0205,751010205,LES HALLES 5,A,,1,651972.8907354,6862665.6214721
11,75101,PARIS 1ER ARRONDISSEMENT,0206,751010206,LES HALLES 6,A,,1,651766.5338687,6862937.5748610
12,75101,PARIS 1ER ARRONDISSEMENT,0301,751010301,PALAIS ROYAL 1,H,,21,651276.2778211,6862969.6601072
13,75101,PARIS 1ER ARRONDISSEMENT,0302,751010302,PALAIS ROYAL 2,A,,1,651550.7025356,6862957.9643108
14,75101,PARIS 1ER ARRONDISSEMENT,0303,751010303,PALAIS ROYAL 3,A,,3,651263.2550320,6862750.1819014
15,75101,PARIS 1ER ARRONDISSEMENT,0401,751010401,PLACE VENDOME 1,H,,9,650674.4377762,6863094.5398863
16,75101,PARIS 1ER ARRONDISSEMENT,0402,751010402,PLACE VENDOME 2,A,,10,650787.5911802,6863273.4379298
17,75102,PARIS 2E ARRONDISSEMENT,0501,751020501,GAILLON 1,A,,20,651196.7641131,6863392.2610489
18,75102,PARIS 2E ARRONDISSEMENT,0502,751020502,GAILLON 2,A,,8,650936.4721981,6863452.0084039
19,75102,PARIS 2E ARRONDISSEMENT,0503,751020503,GAILLON 3,A,,3,651236.3214751,6863592.4027075
20,75102,PARIS 2E ARRONDISSEMENT,0601,751020601,VIVIENNE 1,H,,11,651503.8693213,6863266.8215713
21,75102,PARIS 2E ARRONDISSEMENT,0602,751020602,VIVIENNE 2,A,,31,651578.4615486,6863572.8639979
22,75102,PARIS 2E ARRONDISSEMENT,0701,751020701,MAIL 1,H,,6,651967.7088625,6863044.7929105
23,75102,PARIS 2E ARRONDISSEMENT,0702,751020702,MAIL 2,H,,7,651849.5167819,6863189.3668188
24,75102,PARIS 2E ARRONDISSEMENT,0703,751020703,MAIL 3,H,,12,651978.3607814,6863408.1531753
25,75102,PARIS 2E ARRONDISSEMENT,0704,751020704,MAIL 4,A,,14,651922.3116599,6863571.1843819
26,75102,PARIS 2E ARRONDISSEMENT,0801,751020801,BONNE NOUVELLE 1,H,,25,652457.3030961,6863144.6688160
27,75102,PARIS 2E ARRONDISSEMENT,0802,751020802,BONNE NOUVELLE 2,H,,1,652173.3406021,6862966.9289115
28,75102,PARIS 2E ARRONDISSEMENT,0803,751020803,BONNE NOUVELLE 3,H,,8,652258.2218958,6863071.6484375
29,75102,PARIS 2E ARRONDISSEMENT,0804,751020804,BONNE NOUVELLE 4,H,,23,652335.0842616,6863304.4133305
30,75102,PARIS 2E ARRONDISSEMENT,0805,751020805,BONNE NOUVELLE 5,H,,24,652255.1202757,6863462.0252164
31,75103,PARIS 3E ARRONDISSEMENT,0901,751030901,ARTS ET METIERS 1,H,,5,652962.8662608,6863298.0746122
32,75103,PARIS 3E ARRONDISSEMENT,0902,751030902,ARTS ET METIERS 2,H,,1,653006.5267135,6863209.2460802
33,75103,PARIS 3E ARRONDISSEMENT,0903,751030903,ARTS ET METIERS 3,H,,7,652941.2189382,6863070.7321694
34,75103,PARIS 3E ARRONDISSEMENT,0904,751030904,ARTS ET METIERS 4,H,,12,652848.6463839,6862902.1444845
35,75103,PARIS 3E ARRONDISSEMENT,0905,751030905,ARTS ET METIERS 5,H,,10,652632.7292654,6863128.1477877
36,75103,PARIS 3E ARRONDISSEMENT,1001,751031001,ENFANTS ROUGES 1,H,,1,653294.4063935,6863061.8809918
37,75103,PARIS 3E ARRONDISSEMENT,1002,751031002,ENFANTS ROUGES 2,H,,12,653464.9007445,6862714.4305396
38,75103,PARIS 3E ARRONDISSEMENT,1003,751031003,ENFANTS ROUGES 3,H,,12,653138.3688982,6862715.1444258
39,75103,PARIS 3E ARRONDISSEMENT,1004,751031004,ENFANTS ROUGES 4,H,,5,653233.8278576,6862846.0769250
40,75103,PARIS 3E ARRONDISSEMENT,1101,751031101,LES ARCHIVES 1,H,,29,653484.9833469,6862348.7084376
41,75103,PARIS 3E ARRONDISSEMENT,1102,751031102,LES ARCHIVES 2,H,,16,653515.9747364,6862074.3988336
42,75103,PARIS 3E ARRONDISSEMENT,1103,751031103,LES ARCHIVES 3,H,,6,653102.5080126,6862271.2676008
43,75103,PARIS 3E ARRONDISSEMENT,1104,751031104,LES ARCHIVES 4,H,,42,653190.5776841,6862461.7830571
44,75103,PARIS 3E ARRONDISSEMENT,1201,751031201,SAINTE-AVOYE 1,H,,4,652824.0301736,6862715.0892383
45,75103,PARIS 3E ARRONDISSEMENT,1202,751031202,SAINTE-AVOYE 2,H,,1,652733.0360813,6862557.1222941
46,75103,PARIS 3E ARRONDISSEMENT,1203,751031203,SAINTE-AVOYE 3,H,,1,652474.6232692,6862664.2737328
47,75103,PARIS 3E ARRONDISSEMENT,1204,751031204,SAINTE-AVOYE 4,H,,5,652543.1247067,6862828.3435250
48,75104,PARIS 4E ARRONDISSEMENT,1301,751041301,SAINT-MERRI 1,H,,3,652665.7229566,6862308.7420904
49,75104,PARIS 4E ARRONDISSEMENT,1302,751041302,SAINT-MERRI 2,H,,20,652476.7693814,6862350.1111290
50,75104,PARIS 4E ARRONDISSEMENT,1303,751041303,SAINT-MERRI 3,H,,16,652306.5566837,6862412.5562049
51,75104,PARIS 4E ARRONDISSEMENT,1304,751041304,SAINT-MERRI 4,A,,5,652358.2547393,6862066.5623177
52,75104,PARIS 4E ARRONDISSEMENT,1305,751041305,SAINT-MERRI 5,A,,1,652555.6387797,6862120.1868100
53,75104,PARIS 4E ARRONDISSEMENT,1399,751041399,SEINE ET BERGES,D,,0,652292.3422924,6861967.0961655
54,75104,PARIS 4E ARRONDISSEMENT,1401,751041401,SAINT-GERVAIS 1,H,,18,652877.4828610,6861820.4027361
55,75104,PARIS 4E ARRONDISSEMENT,1402,751041402,SAINT-GERVAIS 2,H,,12,652790.8801791,6862186.3344136
56,75104,PARIS 4E ARRONDISSEMENT,1403,751041403,SAINT-GERVAIS 3,H,,3,652984.4977065,6862054.4375170
57,75104,PARIS 4E ARRONDISSEMENT,1404,751041404,SAINT-GERVAIS 4,H,,7,653207.0124457,6861950.5504624
58,75104,PARIS 4E ARRONDISSEMENT,1499,751041499,SEINE ET BERGES,D,,0,652764.1851481,6861689.0716265
59,75104,PARIS 4E ARRONDISSEMENT,1501,751041501,ARSENAL 1,H,,1,653388.6546748,6861293.4645880
60,75104,PARIS 4E ARRONDISSEMENT,1502,751041502,ARSENAL 2,H,,9,653227.0911813,6861599.6651942
61,75104,PARIS 4E ARRONDISSEMENT,1503,751041503,ARSENAL 3,H,,16,653470.4721174,6861610.8701500
62,75104,PARIS 4E ARRONDISSEMENT,1504,751041504,ARSENAL 4,H,,18,653488.5591763,6861835.2448022
63,75104,PARIS 4E ARRONDISSEMENT,1588,751041588,BASSIN DE L'ARSENAL,D,,0,653575.6800801,6861299.5172239
64,75104,PARIS 4E ARRONDISSEMENT,1599,751041599,SEINE ET BERGES,D,,0,653210.9514927,6861163.9712877
65,75104,PARIS 4E ARRONDISSEMENT,1601,751041601,NOTRE DAME 1,H,,1,652789.4330399,6861488.7783064
66,75104,PARIS 4E ARRONDISSEMENT,1602,751041602,NOTRE DAME 2,H,,0,652361.5665048,6861721.0121037
67,75104,PARIS 4E ARRONDISSEMENT,1603,751041603,NOTRE DAME 3,A,,0,652181.7097963,6861736.5731209
68,75104,PARIS 4E ARRONDISSEMENT,1699,751041699,SEINE ET BERGES,D,,0,652656.0556164,6861566.5112418
69,75105,PARIS 5E ARRONDISSEMENT,1701,751051701,SAINT-VICTOR 1,H,,26,652582.1499714,6860860.3137871
70,75105,PARIS 5E ARRONDISSEMENT,1702,751051702,SAINT-VICTOR 2,H,,13,652553.3881450,6860724.3029493
71,75105,PARIS 5E ARRONDISSEMENT,1703,751051703,SAINT-VICTOR 3,H,,8,652328.5571505,6860858.0007194
72,75105,PARIS 5E ARRONDISSEMENT,1704,751051704,SAINT-VICTOR 4,H,,18,652452.8766262,6861157.6510141
73,75105,PARIS 5E ARRONDISSEMENT,1705,751051705,SAINT-VICTOR 5,H,,18,652427.6722842,6861327.6383781
74,75105,PARIS 5E ARRONDISSEMENT,1706,751051706,SAINT-VICTOR 6,A,,0,652815.5296531,6860979.8357580
75,75105,PARIS 5E ARRONDISSEMENT,1799,751051799,SEINE ET BERGES,D,,0,652819.2654331,6861236.9457783
76,75105,PARIS 5E ARRONDISSEMENT,1801,751051801,JARDIN DES PLANTES 1,H,,4,652954.7173638,6860140.0282361
77,75105,PARIS 5E ARRONDISSEMENT,1802,751051802,JARDIN DES PLANTES 2,H,,15,652580.4201496,6859997.5391142
78,75105,PARIS 5E ARRONDISSEMENT,1803,751051803,JARDIN DES PLANTES 3,H,,8,652328.6445862,6860078.5752138
79,75105,PARIS 5E ARRONDISSEMENT,1804,751051804,JARDIN DES PLANTES 4,H,,9,652564.3679763,6860168.8615266
80,75105,PARIS 5E ARRONDISSEMENT,1805,751051805,JARDIN DES PLANTES 5,H,,16,653033.8066891,6860327.1083174
81,75105,PARIS 5E ARRONDISSEMENT,1806,751051806,JARDIN DES PLANTES 6,H,,6,652560.3435805,6860344.8441214
82,75105,PARIS 5E ARRONDISSEMENT,1807,751051807,JARDIN DES PLANTES 7,H,,13,652362.0259340,6860482.5706607
83,75105,PARIS 5E ARRONDISSEMENT,1808,751051808,JARDIN DES PLANTES 8,H,,6,652587.8964936,6860490.7852211
84,75105,PARIS 5E ARRONDISSEMENT,1809,751051809,JARDIN DES PLANTES,D,,2,653010.0101485,6860616.0415729
85,75105,PARIS 5E ARRONDISSEMENT,1899,751051899,SEINE ET BERGES,D,,0,653289.9713794,6860838.6854988
86,75105,PARIS 5E ARRONDISSEMENT,1901,751051901,VAL DE GRACE 1,H,,13,652110.1791788,6860023.3263012
87,75105,PARIS 5E ARRONDISSEMENT,1902,751051902,VAL DE GRACE 2,H,,4,651789.3483919,6860157.6085516
88,75105,PARIS 5E ARRONDISSEMENT,1903,751051903,VAL DE GRACE 3,H,,5,651469.6724046,6860226.9619093
89,75105,PARIS 5E ARRONDISSEMENT,1904,751051904,VAL DE GRACE 4,H,,2,651554.3098716,6860460.7717759
90,75105,PARIS 5E ARRONDISSEMENT,1905,751051905,VAL DE GRACE 5,H,,0,651644.4513181,6860772.2092001
91,75105,PARIS 5E ARRONDISSEMENT,1906,751051906,VAL DE GRACE 6,H,,2,651805.1699556,6860594.3977249
92,75105,PARIS 5E ARRONDISSEMENT,1907,751051907,VAL DE GRACE 7,H,,9,652018.4947862,6860483.7684965
93,75105,PARIS 5E ARRONDISSEMENT,1908,751051908,VAL DE GRACE 8,H,,8,652196.9085633,6860341.4933301
94,75105,PARIS 5E ARRONDISSEMENT,2001,751052001,SORBONNE 1,H,,14,652098.7703978,6860894.6072423
95,75105,PARIS 5E ARRONDISSEMENT,2002,751052002,SORBONNE 2,H,,0,651782.8149523,6861035.8811935
96,75105,PARIS 5E ARRONDISSEMENT,2003,751052003,SORBONNE 3,H,,1,651914.4239990,6861489.6833275
97,75105,PARIS 5E ARRONDISSEMENT,2004,751052004,SORBONNE 4,H,,16,652107.6848485,6861375.4517862
98,75105,PARIS 5E ARRONDISSEMENT,2005,751052005,SORBONNE 5,A,,1,651922.9906925,6861107.7983679
99,75105,PARIS 5E ARRONDISSEMENT,2099,751052099,SEINE ET BERGES,D,,0,652089.8529553,6861630.9735666
100,75106,PARIS 6E ARRONDISSEMENT,2101,751062101,MONNAIE 1,H,,17,651632.7553318,6861567.0069983
101,75106,PARIS 6E ARRONDISSEMENT,2102,751062102,MONNAIE 2,H,,6,651434.0236121,6861944.4005345
102,75106,PARIS 6E ARRONDISSEMENT,2103,751062103,MONNAIE 3,H,,2,651667.6671334,6861770.5352945
103,75106,PARIS 6E ARRONDISSEMENT,2199,751062199,SEINE ET BERGES,D,,0,651581.1731933,6862024.2264395
104,75106,PARIS 6E ARRONDISSEMENT,2201,751062201,ODEON 1,H,,6,651233.6710089,6860609.2958936
105,75106,PARIS 6E ARRONDISSEMENT,2202,751062202,ODEON 2,H,,10,651159.6520788,6861322.1588734
106,75106,PARIS 6E ARRONDISSEMENT,2203,751062203,ODEON 3,H,,16,651224.9524019,6861539.6031428
107,75106,PARIS 6E ARRONDISSEMENT,2204,751062204,ODEON 4,H,,2,651552.6944707,6861297.7648653
108,75106,PARIS 6E ARRONDISSEMENT,2205,751062205,JARDIN DU LUXEMBOURG,D,,0,651294.3064155,6860937.4590833
109,75106,PARIS 6E ARRONDISSEMENT,2301,751062301,NOTRE DAME DES CHAMPS 1,H,,4,651117.6557572,6860335.8907366
110,75106,PARIS 6E ARRONDISSEMENT,2302,751062302,NOTRE DAME DES CHAMPS 2,H,,3,651033.0048339,6860539.6093815
111,75106,PARIS 6E ARRONDISSEMENT,2303,751062303,NOTRE DAME DES CHAMPS 3,H,,1,650854.9372367,6860685.2322989
112,75106,PARIS 6E ARRONDISSEMENT,2304,751062304,NOTRE DAME DES CHAMPS 4,H,,34,650835.7990200,6860981.9952410
113,75106,PARIS 6E ARRONDISSEMENT,2305,751062305,NOTRE DAME DES CHAMPS 5,H,,19,650622.3503110,6860720.7323792
114,75106,PARIS 6E ARRONDISSEMENT,2306,751062306,NOTRE DAME DES CHAMPS 6,H,,8,650284.7543796,6860829.6357019
115,75106,PARIS 6E ARRONDISSEMENT,2307,751062307,NOTRE DAME DES CHAMPS 7,H,,13,650464.8682715,6861008.7259516
116,75106,PARIS 6E ARRONDISSEMENT,2308,751062308,NOTRE DAME DES CHAMPS 8,H,,40,650158.6832772,6861052.5267672
117,75106,PARIS 6E ARRONDISSEMENT,2309,751062309,NOTRE DAME DES CHAMPS 9,H,,32,650543.7661585,6861243.4341375
118,75106,PARIS 6E ARRONDISSEMENT,2310,751062310,NOTRE DAME DES CHAMPS 10,H,,11,650758.2227519,6861390.0685991
119,75106,PARIS 6E ARRONDISSEMENT,2311,751062311,NOTRE DAME DES CHAMPS 11,H,,27,650863.3313923,6861248.7772102
120,75106,PARIS 6E ARRONDISSEMENT,2401,751062401,SAINT-GERMAIN DES PRES 1,H,,30,650973.1230672,6861664.3722188
121,75106,PARIS 6E ARRONDISSEMENT,2402,751062402,SAINT-GERMAIN DES PRES 2,H,,20,651152.6404231,6861929.3591310
122,75106,PARIS 6E ARRONDISSEMENT,2499,751062499,SEINE ET BERGES,D,,0,651174.2242689,6862257.5821826
123,75107,PARIS 7E ARRONDISSEMENT,2501,751072501,SAINT-THOMAS D'AQUIN 1,H,,6,650677.3488694,6861732.3373990
124,75107,PARIS 7E ARRONDISSEMENT,2502,751072502,SAINT-THOMAS D'AQUIN 2,H,,4,650480.3601694,6861680.5914856
125,75107,PARIS 7E ARRONDISSEMENT,2503,751072503,SAINT-THOMAS D'AQUIN 3,H,,9,650210.8110816,6861527.2876073
126,75107,PARIS 7E ARRONDISSEMENT,2504,751072504,SAINT-THOMAS D'AQUIN 4,H,,18,650323.3386477,6861980.9474849
127,75107,PARIS 7E ARRONDISSEMENT,2505,751072505,SAINT-THOMAS D'AQUIN 5,H,,16,650538.4664453,6862222.6290235
128,75107,PARIS 7E ARRONDISSEMENT,2506,751072506,SAINT-THOMAS D'AQUIN 6,H,,22,650825.1041941,6862089.3482003
129,75107,PARIS 7E ARRONDISSEMENT,2507,751072507,SAINT-THOMAS D'AQUIN 7,A,,0,650473.8190715,6861447.8999855
130,75107,PARIS 7E ARRONDISSEMENT,2508,751072508,SAINT-THOMAS D'AQUIN 8,A,,0,650623.6748646,6862405.6190403
131,75107,PARIS 7E ARRONDISSEMENT,2599,751072599,SEINE ET BERGES,D,,0,650792.2474105,6862423.2897379
132,75107,PARIS 7E ARRONDISSEMENT,2601,751072601,INVALIDES 1,H,,17,650036.5323597,6861977.7881048
133,75107,PARIS 7E ARRONDISSEMENT,2602,751072602,INVALIDES 2,H,,3,649829.8885013,6862037.8835952
134,75107,PARIS 7E ARRONDISSEMENT,2603,751072603,INVALIDES 3,H,,0,649431.2147925,6862468.7571023
135,75107,PARIS 7E ARRONDISSEMENT,2604,751072604,INVALIDES 4,H,,13,650210.3211187,6862443.3763966
136,75107,PARIS 7E ARRONDISSEMENT,2605,751072605,INVALIDES 5,A,,1,649906.0720988,6862639.6791189
137,75107,PARIS 7E ARRONDISSEMENT,2606,751072606,INVALIDES 6,D,,0,649574.7395899,6862203.2109099
138,75107,PARIS 7E ARRONDISSEMENT,2699,751072699,SEINE ET BERGES,D,,0,649967.4344568,6862743.7974314
139,75107,PARIS 7E ARRONDISSEMENT,2701,751072701,ECOLE MILITAIRE 1,H,,7,649943.2804098,6861186.9088655
140,75107,PARIS 7E ARRONDISSEMENT,2702,751072702,ECOLE MILITAIRE 2,H,,0,649641.0209199,6861089.2112643
141,75107,PARIS 7E ARRONDISSEMENT,2703,751072703,ECOLE MILITAIRE 3,H,,2,649219.1083786,6861130.9315093
142,75107,PARIS 7E ARRONDISSEMENT,2704,751072704,ECOLE MILITAIRE 4,H,,4,649394.3901558,6861298.8718981
143,75107,PARIS 7E ARRONDISSEMENT,2705,751072705,ECOLE MILITAIRE 5,H,,13,649457.9579039,6861648.0168739
144,75107,PARIS 7E ARRONDISSEMENT,2706,751072706,ECOLE MILITAIRE 6,H,,1,649766.7648702,6861405.4310219
145,75107,PARIS 7E ARRONDISSEMENT,2707,751072707,ECOLE MILITAIRE 7,A,,3,649045.9125913,6861469.2015401
146,75107,PARIS 7E ARRONDISSEMENT,2801,751072801,GROS CAILLOU 1,H,,14,649242.5271867,6861896.5375743
147,75107,PARIS 7E ARRONDISSEMENT,2802,751072802,GROS CAILLOU 2,H,,13,649225.8214700,6862124.8165946
148,75107,PARIS 7E ARRONDISSEMENT,2803,751072803,GROS CAILLOU 3,H,,21,649069.0060821,6862008.1472783
149,75107,PARIS 7E ARRONDISSEMENT,2804,751072804,GROS CAILLOU 4,H,,13,649151.0264114,6862292.0677902
150,75107,PARIS 7E ARRONDISSEMENT,2805,751072805,GROS CAILLOU 5,H,,28,648865.0498149,6862094.3479572
151,75107,PARIS 7E ARRONDISSEMENT,2806,751072806,GROS CAILLOU 6,H,,10,648663.1736522,6862090.4432398
152,75107,PARIS 7E ARRONDISSEMENT,2807,751072807,GROS CAILLOU 7,H,,6,648404.2938367,6861830.1239460
153,75107,PARIS 7E ARRONDISSEMENT,2808,751072808,GROS CAILLOU 8,H,,10,648694.6293421,6862323.4314083
154,75107,PARIS 7E ARRONDISSEMENT,2809,751072809,GROS CAILLOU 9,H,,13,648605.2214491,6862531.4993131
155,75107,PARIS 7E ARRONDISSEMENT,2810,751072810,GROS CAILLOU 10,H,,41,649089.3813281,6862474.7057610
156,75107,PARIS 7E ARRONDISSEMENT,2811,751072811,GROS CAILLOU 11,H,,27,649109.6308953,6862641.3092571
157,75107,PARIS 7E ARRONDISSEMENT,2812,751072812,CHAMP DE MARS,D,,0,648481.4786662,6862013.6979044
158,75107,PARIS 7E ARRONDISSEMENT,2899,751072899,SEINE ET BERGES,D,,0,648597.5906699,6862638.4227630
159,75108,PARIS 8E ARRONDISSEMENT,2901,751082901,CHAMPS ELYSEES 1,H,,21,648860.1377792,6863253.9796533
160,75108,PARIS 8E ARRONDISSEMENT,2902,751082902,CHAMPS ELYSEES 2,A,,16,649164.9685634,6863087.9365087
161,75108,PARIS 8E ARRONDISSEMENT,2903,751082903,CHAMPS ELYSEES 3,A,,34,649043.0116176,6863468.4383767
162,75108,PARIS 8E ARRONDISSEMENT,2904,751082904,CHAMPS ELYSEES 4,A,,6,648671.7767194,6863248.5125884
163,75108,PARIS 8E ARRONDISSEMENT,2905,751082905,CHAMPS ELYSEES 5,A,,9,648584.1842593,6863620.0733260
164,75108,PARIS 8E ARRONDISSEMENT,2906,751082906,CHAMPS ELYSEES 6,A,,2,648584.4972237,6863789.9975829
165,75108,PARIS 8E ARRONDISSEMENT,2907,751082907,CONCORDE JAR CHPS ELYSEES,D,,0,649790.7933882,6863157.2736492
166,75108,PARIS 8E ARRONDISSEMENT,2999,751082999,SEINE ET BERGES,D,,0,649492.7925847,6862881.0010469
167,75108,PARIS 8E ARRONDISSEMENT,3001,751083001,FAUBOURG DU ROULE 1,H,,9,648623.4699709,6864169.1303036
168,75108,PARIS 8E ARRONDISSEMENT,3002,751083002,FAUBOURG DU ROULE 2,H,,14,648943.3955243,6864332.2661044
169,75108,PARIS 8E ARRONDISSEMENT,3003,751083003,FAUBOURG DU ROULE 3,A,,11,649178.8416205,6863628.6011795
170,75108,PARIS 8E ARRONDISSEMENT,3004,751083004,FAUBOURG DU ROULE 4,A,,17,649308.4835347,6863786.2105485
171,75108,PARIS 8E ARRONDISSEMENT,3005,751083005,FAUBOURG DU ROULE 5,A,,34,648799.6754932,6863932.1825738
172,75108,PARIS 8E ARRONDISSEMENT,3006,751083006,FAUBOURG DU ROULE 6,A,,1,649311.6456945,6864010.7762127
173,75108,PARIS 8E ARRONDISSEMENT,3101,751083101,MADELEINE 1,A,,2,650144.1884235,6863340.1624753
174,75108,PARIS 8E ARRONDISSEMENT,3102,751083102,MADELEINE 2,A,,5,649734.0597942,6863580.5133472
175,75108,PARIS 8E ARRONDISSEMENT,3103,751083103,MADELEINE 3,A,,14,649825.9246833,6863922.1599245
176,75108,PARIS 8E ARRONDISSEMENT,3104,751083104,MADELEINE 4,A,,9,649886.8998819,6863782.8884202
177,75108,PARIS 8E ARRONDISSEMENT,3105,751083105,MADELEINE 5,A,,10,650199.1336670,6863603.4112627
178,75108,PARIS 8E ARRONDISSEMENT,3106,751083106,MADELEINE 6,A,,1,650425.9617219,6863724.7884394
179,75108,PARIS 8E ARRONDISSEMENT,3107,751083107,MADELEINE 7,A,,5,650372.8773020,6863967.5548837
180,75108,PARIS 8E ARRONDISSEMENT,3108,751083108,MADELEINE 8,A,,4,650452.4780223,6864063.8890408
181,75108,PARIS 8E ARRONDISSEMENT,3201,751083201,EUROPE 1,H,,24,650174.8644375,6864284.7829917
182,75108,PARIS 8E ARRONDISSEMENT,3202,751083202,EUROPE 2,H,,36,649769.3690920,6864286.5973716
183,75108,PARIS 8E ARRONDISSEMENT,3203,751083203,EUROPE 3,H,,26,649389.5481162,6864539.8280782
184,75108,PARIS 8E ARRONDISSEMENT,3204,751083204,EUROPE 4,H,,26,649854.4804386,6864606.6093125
185,75108,PARIS 8E ARRONDISSEMENT,3205,751083205,EUROPE 5,H,,23,650102.1802552,6864679.0885187
186,75108,PARIS 8E ARRONDISSEMENT,3206,751083206,EUROPE 6,H,,14,650352.9554301,6864746.0747859
187,75108,PARIS 8E ARRONDISSEMENT,3207,751083207,EUROPE 7,H,,8,650565.3216057,6864817.7063687
188,75108,PARIS 8E ARRONDISSEMENT,3208,751083208,EUROPE 8,A,,1,650496.7876812,6864374.2371060
189,75108,PARIS 8E ARRONDISSEMENT,3209,751083209,EUROPE 9,A,,27,649707.8329408,6864051.1938499
190,75108,PARIS 8E ARRONDISSEMENT,3210,751083210,EUROPE 10,A,,14,649445.1919453,6864239.5417260
191,75109,PARIS 9E ARRONDISSEMENT,3301,751093301,SAINT-GEORGES 1,H,,8,651486.3295710,6864498.8469879
192,75109,PARIS 9E ARRONDISSEMENT,3302,751093302,SAINT-GEORGES 2,H,,12,651321.4815047,6864400.8750639
193,75109,PARIS 9E ARRONDISSEMENT,3303,751093303,SAINT-GEORGES 3,H,,3,651078.9426449,6864496.4371333
194,75109,PARIS 9E ARRONDISSEMENT,3304,751093304,SAINT-GEORGES 4,H,,2,650897.4348014,6864598.9261761
195,75109,PARIS 9E ARRONDISSEMENT,3305,751093305,SAINT-GEORGES 5,H,,11,650742.3729539,6864582.8239994
196,75109,PARIS 9E ARRONDISSEMENT,3306,751093306,SAINT-GEORGES 6,H,,1,650870.1070724,6864989.0562961
197,75109,PARIS 9E ARRONDISSEMENT,3307,751093307,SAINT-GEORGES 7,H,,8,651128.2271379,6864760.5524309
198,75109,PARIS 9E ARRONDISSEMENT,3308,751093308,SAINT-GEORGES 8,H,,2,651212.4660533,6864925.8248994
199,75109,PARIS 9E ARRONDISSEMENT,3309,751093309,SAINT-GEORGES 9,H,,4,651334.6189327,6864675.6439191
200,75109,PARIS 9E ARRONDISSEMENT,3310,751093310,SAINT-GEORGES 10,H,,4,651509.9126062,6864743.2172843
201,75109,PARIS 9E ARRONDISSEMENT,3311,751093311,SAINT-GEORGES 11,A,,8,650746.5912665,6864265.5116376
202,75109,PARIS 9E ARRONDISSEMENT,3401,751093401,CHAUSSEE D'ANTIN 1,A,,0,651244.1831485,6863757.0806934
203,75109,PARIS 9E ARRONDISSEMENT,3402,751093402,CHAUSSEE D'ANTIN 2,A,,0,651008.3595457,6863726.7891440
204,75109,PARIS 9E ARRONDISSEMENT,3403,751093403,CHAUSSEE D'ANTIN 3,A,,30,650735.9529258,6863734.7920222
205,75109,PARIS 9E ARRONDISSEMENT,3404,751093404,CHAUSSEE D'ANTIN 4,A,,12,650820.5296558,6863965.4607964
206,75109,PARIS 9E ARRONDISSEMENT,3405,751093405,CHAUSSEE D'ANTIN 5,A,,12,651111.8720962,6863934.5272141
207,75109,PARIS 9E ARRONDISSEMENT,3406,751093406,CHAUSSEE D'ANTIN 6,A,,0,651340.7234961,6863913.6998152
208,75109,PARIS 9E ARRONDISSEMENT,3407,751093407,CHAUSSEE D'ANTIN 7,A,,9,651372.4305913,6864151.0547070
209,75109,PARIS 9E ARRONDISSEMENT,3408,751093408,CHAUSSEE D'ANTIN 8,A,,21,651108.3793909,6864153.0434781
210,75109,PARIS 9E ARRONDISSEMENT,3409,751093409,CHAUSSEE D'ANTIN 9,A,,43,650798.0456035,6864096.3597858
211,75109,PARIS 9E ARRONDISSEMENT,3501,751093501,FAUBOURG MONTMARTRE 1,H,,12,651995.5469239,6863818.5776502
212,75109,PARIS 9E ARRONDISSEMENT,3502,751093502,FAUBOURG MONTMARTRE 2,H,,8,651662.1664310,6864133.8000871
213,75109,PARIS 9E ARRONDISSEMENT,3503,751093503,FAUBOURG MONTMARTRE 3,H,,11,652009.3176793,6864114.8692111
214,75109,PARIS 9E ARRONDISSEMENT,3504,751093504,FAUBOURG MONTMARTRE 4,A,,12,651609.5035434,6863852.7972544
215,75109,PARIS 9E ARRONDISSEMENT,3601,751093601,ROCHECHOUART 1,H,,16,652068.5453853,6864360.2015401
216,75109,PARIS 9E ARRONDISSEMENT,3602,751093602,ROCHECHOUART 2,H,,9,651855.4460795,6864393.2364115
217,75109,PARIS 9E ARRONDISSEMENT,3603,751093603,ROCHECHOUART 3,H,,3,651726.4787578,6864454.2310954
218,75109,PARIS 9E ARRONDISSEMENT,3604,751093604,ROCHECHOUART 4,H,,4,651620.8484901,6864430.7481781
219,75109,PARIS 9E ARRONDISSEMENT,3605,751093605,ROCHECHOUART 5,H,,7,651837.7671101,6864608.7028444
220,75109,PARIS 9E ARRONDISSEMENT,3606,751093606,ROCHECHOUART 6,H,,9,652161.7981184,6864498.9823239
221,75109,PARIS 9E ARRONDISSEMENT,3607,751093607,ROCHECHOUART 7,H,,11,652178.4945633,6864702.7852218
222,75109,PARIS 9E ARRONDISSEMENT,3608,751093608,ROCHECHOUART 8,H,,9,651901.6849447,6864727.1599233
223,75109,PARIS 9E ARRONDISSEMENT,3609,751093609,ROCHECHOUART 9,H,,11,651841.9073302,6864867.1746460
224,75109,PARIS 9E ARRONDISSEMENT,3610,751093610,ROCHECHOUART 10,H,,15,652212.6909805,6864917.1881342
225,75110,PARIS 10E ARRONDISSEMENT,3701,751103701,SAINT-VINCENT DE PAUL 1,H,,2,653501.9796560,6864918.0813777
226,75110,PARIS 10E ARRONDISSEMENT,3702,751103702,SAINT-VINCENT DE PAUL 2,H,,4,653286.4450552,6864739.4339128
227,75110,PARIS 10E ARRONDISSEMENT,3703,751103703,SAINT-VINCENT DE PAUL 3,H,,17,652834.9077081,6864420.6340720
228,75110,PARIS 10E ARRONDISSEMENT,3704,751103704,SAINT-VINCENT DE PAUL 4,H,,27,652591.7576293,6864467.0259056
229,75110,PARIS 10E ARRONDISSEMENT,3705,751103705,SAINT-VINCENT DE PAUL 5,H,,29,652371.3204630,6864539.4611800
230,75110,PARIS 10E ARRONDISSEMENT,3706,751103706,SAINT-VINCENT DE PAUL 6,H,,7,652445.3338213,6864838.8542627
231,75110,PARIS 10E ARRONDISSEMENT,3707,751103707,SAINT-VINCENT DE PAUL 7,H,,3,653043.5434779,6864763.0157868
232,75110,PARIS 10E ARRONDISSEMENT,3708,751103708,SAINT-VINCENT DE PAUL 8,H,,2,653098.8721669,6865024.2273753
233,75110,PARIS 10E ARRONDISSEMENT,3709,751103709,SAINT-VINCENT DE PAUL 9,H,,3,653357.9201422,6865019.9588029
234,75110,PARIS 10E ARRONDISSEMENT,3710,751103710,SAINT-VINCENT DE PAUL 10,A,,0,653064.9292272,6864424.9717943
235,75110,PARIS 10E ARRONDISSEMENT,3711,751103711,SAINT-VINCENT DE PAUL 11,A,,0,652564.4862578,6864966.5844125
236,75110,PARIS 10E ARRONDISSEMENT,3712,751103712,SAINT-VINCENT DE PAUL 12,A,,4,652814.1711895,6864864.2507826
237,75110,PARIS 10E ARRONDISSEMENT,3801,751103801,PORTE SAINT-DENIS 1,H,,12,652781.2558851,6864022.5037630
238,75110,PARIS 10E ARRONDISSEMENT,3802,751103802,PORTE SAINT-DENIS 2,H,,10,652628.4544468,6863636.6969068
239,75110,PARIS 10E ARRONDISSEMENT,3803,751103803,PORTE SAINT-DENIS 3,H,,13,652361.5123379,6863653.4931993
240,75110,PARIS 10E ARRONDISSEMENT,3804,751103804,PORTE SAINT-DENIS 4,H,,7,652391.4346837,6863846.9576085
241,75110,PARIS 10E ARRONDISSEMENT,3805,751103805,PORTE SAINT-DENIS 5,H,,20,652299.2838387,6864151.5989479
242,75110,PARIS 10E ARRONDISSEMENT,3806,751103806,PORTE SAINT-DENIS 6,H,,34,652566.4295622,6864094.5246326
243,75110,PARIS 10E ARRONDISSEMENT,3901,751103901,PORTE SAINT-MARTIN 1,H,,1,653617.8889353,6863542.0975600
244,75110,PARIS 10E ARRONDISSEMENT,3902,751103902,PORTE SAINT-MARTIN 2,H,,2,653407.4829097,6863510.8472702
245,75110,PARIS 10E ARRONDISSEMENT,3903,751103903,PORTE SAINT-MARTIN 3,H,,0,653282.1868987,6863464.7613451
246,75110,PARIS 10E ARRONDISSEMENT,3904,751103904,PORTE SAINT-MARTIN 4,H,,3,653093.7224228,6863431.2767904
247,75110,PARIS 10E ARRONDISSEMENT,3905,751103905,PORTE SAINT-MARTIN 5,H,,3,652852.3548080,6863517.7071609
248,75110,PARIS 10E ARRONDISSEMENT,3906,751103906,PORTE SAINT-MARTIN 6,H,,22,652784.3681264,6863718.2900160
249,75110,PARIS 10E ARRONDISSEMENT,3907,751103907,PORTE SAINT-MARTIN 7,H,,9,652973.4466358,6863721.9532583
250,75110,PARIS 10E ARRONDISSEMENT,3908,751103908,PORTE SAINT-MARTIN 8,H,,8,653175.8753868,6863765.2249470
251,75110,PARIS 10E ARRONDISSEMENT,3909,751103909,PORTE SAINT-MARTIN 9,H,,1,653480.0550803,6863782.8717119
252,75110,PARIS 10E ARRONDISSEMENT,3910,751103910,PORTE SAINT-MARTIN 10,H,,3,653054.8613051,6863995.3902296
253,75110,PARIS 10E ARRONDISSEMENT,3988,751103988,CANAL ST-MARTIN,D,,2,653434.2112514,6863679.3191284
254,75110,PARIS 10E ARRONDISSEMENT,4001,751104001,HOPITAL SAINT-LOUIS 1,H,,18,654113.1379499,6863730.1200064
255,75110,PARIS 10E ARRONDISSEMENT,4002,751104002,HOPITAL SAINT-LOUIS 2,H,,10,653997.3308640,6863867.5994811
256,75110,PARIS 10E ARRONDISSEMENT,4003,751104003,HOPITAL SAINT-LOUIS 3,H,,2,653859.3135456,6863687.6597857
257,75110,PARIS 10E ARRONDISSEMENT,4004,751104004,HOPITAL SAINT-LOUIS 4,H,,1,653744.8633251,6863598.2885712
258,75110,PARIS 10E ARRONDISSEMENT,4005,751104005,HOPITAL SAINT-LOUIS 5,H,,3,653925.9375735,6864001.2955672
259,75110,PARIS 10E ARRONDISSEMENT,4006,751104006,HOPITAL SAINT-LOUIS 6,H,,1,653843.3752082,6864168.4378920
260,75110,PARIS 10E ARRONDISSEMENT,4007,751104007,HOPITAL SAINT-LOUIS 7,H,,0,653544.6411609,6864191.7115712
261,75110,PARIS 10E ARRONDISSEMENT,4008,751104008,HOPITAL SAINT-LOUIS 8,H,,0,653242.1469518,6864255.3413607
262,75110,PARIS 10E ARRONDISSEMENT,4009,751104009,HOPITAL SAINT-LOUIS 9,H,,2,653441.9371699,6864568.6777416
263,75110,PARIS 10E ARRONDISSEMENT,4010,751104010,HOPITAL SAINT-LOUIS 10,H,,0,653712.3803130,6864541.5439356
264,75110,PARIS 10E ARRONDISSEMENT,4011,751104011,HOPITAL SAINT-LOUIS 11,H,,2,653621.3496875,6864841.6497418
265,75110,PARIS 10E ARRONDISSEMENT,4012,751104012,HOPITAL SAINT-LOUIS 12,A,,0,653640.5709987,6863928.5296270
266,75110,PARIS 10E ARRONDISSEMENT,4088,751104088,CANAL ST-MARTIN,D,,0,653563.9162469,6864506.1091806
267,75111,PARIS 11E ARRONDISSEMENT,4101,751114101,FOLIE MERICOURT 1,H,,6,654571.0171451,6863236.3113786
268,75111,PARIS 11E ARRONDISSEMENT,4102,751114102,FOLIE MERICOURT 2,H,,10,654374.2488349,6863152.2222571
269,75111,PARIS 11E ARRONDISSEMENT,4103,751114103,FOLIE MERICOURT 3,H,,6,654179.4755822,6863081.3056023
270,75111,PARIS 11E ARRONDISSEMENT,4104,751114104,FOLIE MERICOURT 4,H,,13,653890.3927671,6862974.6893853
271,75111,PARIS 11E ARRONDISSEMENT,4105,751114105,FOLIE MERICOURT 5,H,,13,653649.2026375,6863017.0727772
272,75111,PARIS 11E ARRONDISSEMENT,4106,751114106,FOLIE MERICOURT 6,H,,8,653577.9718649,6862893.5148533
273,75111,PARIS 11E ARRONDISSEMENT,4107,751114107,FOLIE MERICOURT 7,H,,11,653627.9786841,6863223.8847458
274,75111,PARIS 11E ARRONDISSEMENT,4108,751114108,FOLIE MERICOURT 8,H,,3,653938.5228558,6863160.4751061
275,75111,PARIS 11E ARRONDISSEMENT,4109,751114109,FOLIE MERICOURT 9,H,,10,654184.2575832,6863273.5635425
276,75111,PARIS 11E ARRONDISSEMENT,4110,751114110,FOLIE MERICOURT 10,H,,11,654442.6297813,6863395.3278197
277,75111,PARIS 11E ARRONDISSEMENT,4111,751114111,FOLIE MERICOURT 11,H,,11,654337.0437894,6863571.2763632
278,75111,PARIS 11E ARRONDISSEMENT,4112,751114112,FOLIE MERICOURT 12,H,,12,654229.1110124,6863537.5864176
279,75111,PARIS 11E ARRONDISSEMENT,4113,751114113,FOLIE MERICOURT 13,H,,4,654121.6859460,6863488.1455196
280,75111,PARIS 11E ARRONDISSEMENT,4114,751114114,FOLIE MERICOURT 14,H,,1,654014.5474800,6863416.0918311
281,75111,PARIS 11E ARRONDISSEMENT,4115,751114115,FOLIE MERICOURT 15,H,,3,653830.5345601,6863403.3718490
282,75111,PARIS 11E ARRONDISSEMENT,4201,751114201,SAINT-AMBROISE 1,H,,3,654817.4546364,6862933.0800129
283,75111,PARIS 11E ARRONDISSEMENT,4202,751114202,SAINT-AMBROISE 2,H,,4,654786.8972664,6862705.0936415
284,75111,PARIS 11E ARRONDISSEMENT,4203,751114203,SAINT-AMBROISE 3,H,,1,654558.0496731,6862716.5493937
285,75111,PARIS 11E ARRONDISSEMENT,4204,751114204,SAINT-AMBROISE 4,H,,2,654444.5380029,6862575.2254842
286,75111,PARIS 11E ARRONDISSEMENT,4205,751114205,SAINT-AMBROISE 5,H,,5,654257.5359003,6862517.8328832
287,75111,PARIS 11E ARRONDISSEMENT,4206,751114206,SAINT-AMBROISE 6,H,,11,654033.6043233,6862402.1462220
288,75111,PARIS 11E ARRONDISSEMENT,4207,751114207,SAINT-AMBROISE 7,H,,23,653754.2513972,6862248.4594682
289,75111,PARIS 11E ARRONDISSEMENT,4208,751114208,SAINT-AMBROISE 8,H,,16,653773.1867399,6862460.5375368
290,75111,PARIS 11E ARRONDISSEMENT,4209,751114209,SAINT-AMBROISE 9,H,,20,653730.2881140,6862642.3640160
291,75111,PARIS 11E ARRONDISSEMENT,4210,751114210,SAINT-AMBROISE 10,H,,14,653998.6765717,6862814.1421851
292,75111,PARIS 11E ARRONDISSEMENT,4211,751114211,SAINT-AMBROISE 11,H,,7,654125.4029319,6862685.5467920
293,75111,PARIS 11E ARRONDISSEMENT,4212,751114212,SAINT-AMBROISE 12,H,,1,654300.4049703,6862806.6107734
294,75111,PARIS 11E ARRONDISSEMENT,4213,751114213,SAINT-AMBROISE 13,H,,1,654452.2864961,6862956.8785455
295,75111,PARIS 11E ARRONDISSEMENT,4214,751114214,SAINT-AMBROISE 14,H,,6,654641.0048182,6862957.8721197
296,75111,PARIS 11E ARRONDISSEMENT,4301,751114301,ROQUETTE 1,H,,0,655382.9992754,6862049.7399524
297,75111,PARIS 11E ARRONDISSEMENT,4302,751114302,ROQUETTE 2,H,,5,655141.7453824,6862016.6191181
298,75111,PARIS 11E ARRONDISSEMENT,4303,751114303,ROQUETTE 3,H,,5,655083.5398342,6862255.6563689
299,75111,PARIS 11E ARRONDISSEMENT,4304,751114304,ROQUETTE 4,H,,0,654920.8677170,6862155.8840887
300,75111,PARIS 11E ARRONDISSEMENT,4305,751114305,ROQUETTE 5,H,,12,654796.7153403,6862022.8658100
301,75111,PARIS 11E ARRONDISSEMENT,4306,751114306,ROQUETTE 6,H,,22,654671.8322731,6861903.8992349
302,75111,PARIS 11E ARRONDISSEMENT,4307,751114307,ROQUETTE 7,H,,4,654504.8761482,6861890.8220781
303,75111,PARIS 11E ARRONDISSEMENT,4308,751114308,ROQUETTE 8,H,,1,654401.5016631,6861829.5363450
304,75111,PARIS 11E ARRONDISSEMENT,4309,751114309,ROQUETTE 9,H,,0,654284.3883267,6861808.8734813
305,75111,PARIS 11E ARRONDISSEMENT,4310,751114310,ROQUETTE 10,H,,4,654134.9726855,6861770.7913676
306,75111,PARIS 11E ARRONDISSEMENT,4311,751114311,ROQUETTE 11,H,,3,653973.0883285,6861652.8816734
307,75111,PARIS 11E ARRONDISSEMENT,4312,751114312,ROQUETTE 12,H,,9,653794.8043600,6861860.8460769
308,75111,PARIS 11E ARRONDISSEMENT,4313,751114313,ROQUETTE 13,H,,6,653858.9454036,6862029.5108053
309,75111,PARIS 11E ARRONDISSEMENT,4314,751114314,ROQUETTE 14,H,,6,654138.9513723,6861994.3715038
310,75111,PARIS 11E ARRONDISSEMENT,4315,751114315,ROQUETTE 15,H,,4,654108.8027327,6862170.1035607
311,75111,PARIS 11E ARRONDISSEMENT,4316,751114316,ROQUETTE 16,H,,5,654350.6972027,6862202.2894109
312,75111,PARIS 11E ARRONDISSEMENT,4317,751114317,ROQUETTE 17,H,,4,654487.4858203,6862358.6324297
313,75111,PARIS 11E ARRONDISSEMENT,4318,751114318,ROQUETTE 18,H,,3,654623.0450336,6862254.5088836
314,75111,PARIS 11E ARRONDISSEMENT,4319,751114319,ROQUETTE 19,H,,7,654850.3712586,6862373.5590937
315,75111,PARIS 11E ARRONDISSEMENT,4320,751114320,ROQUETTE 20,H,,8,654804.3959123,6862538.3653015
316,75111,PARIS 11E ARRONDISSEMENT,4321,751114321,ROQUETTE 21,H,,13,655049.2436553,6862505.3342080
317,75111,PARIS 11E ARRONDISSEMENT,4401,751114401,SAINTE-MARGUERITE 1,H,,7,655776.7071040,6861255.1354802
318,75111,PARIS 11E ARRONDISSEMENT,4402,751114402,SAINTE-MARGUERITE 2,H,,7,655533.4150883,6861214.4337854
319,75111,PARIS 11E ARRONDISSEMENT,4403,751114403,SAINTE-MARGUERITE 3,H,,3,655138.4861361,6861270.2220735
320,75111,PARIS 11E ARRONDISSEMENT,4404,751114404,SAINTE-MARGUERITE 4,H,,8,654252.0298103,6861525.1180488
321,75111,PARIS 11E ARRONDISSEMENT,4405,751114405,SAINTE-MARGUERITE 5,H,,24,654475.5190421,6861515.0432831
322,75111,PARIS 11E ARRONDISSEMENT,4406,751114406,SAINTE-MARGUERITE 6,H,,27,654666.3641121,6861482.3681738
323,75111,PARIS 11E ARRONDISSEMENT,4407,751114407,SAINTE-MARGUERITE 7,H,,8,654883.9298548,6861463.6958967
324,75111,PARIS 11E ARRONDISSEMENT,4408,751114408,SAINTE-MARGUERITE 8,H,,2,655134.4684338,6861451.1546242
325,75111,PARIS 11E ARRONDISSEMENT,4409,751114409,SAINTE-MARGUERITE 9,H,,6,655380.8469606,6861502.1379701
326,75111,PARIS 11E ARRONDISSEMENT,4410,751114410,SAINTE-MARGUERITE 10,H,,5,655643.8679903,6861547.2721422
327,75111,PARIS 11E ARRONDISSEMENT,4411,751114411,SAINTE-MARGUERITE 11,H,,2,655412.9838633,6861787.6377980
328,75111,PARIS 11E ARRONDISSEMENT,4412,751114412,SAINTE-MARGUERITE 12,H,,5,655115.1929269,6861780.8103077
329,75111,PARIS 11E ARRONDISSEMENT,4413,751114413,SAINTE-MARGUERITE 13,H,,7,654857.6356598,6861676.3166133
330,75112,PARIS 12E ARRONDISSEMENT,4501,751124501,BEL AIR 1,H,,6,656670.6893159,6859821.3620676
331,75112,PARIS 12E ARRONDISSEMENT,4502,751124502,BEL AIR 2,H,,18,656375.3788562,6859791.0380640
332,75112,PARIS 12E ARRONDISSEMENT,4503,751124503,BEL AIR 3,H,,7,656423.2646192,6860074.2557244
333,75112,PARIS 12E ARRONDISSEMENT,4504,751124504,BEL AIR 4,H,,11,656153.8034212,6859995.0904912
334,75112,PARIS 12E ARRONDISSEMENT,4505,751124505,BEL AIR 5,H,,13,656127.9123395,6860255.3978989
335,75112,PARIS 12E ARRONDISSEMENT,4506,751124506,BEL AIR 6,H,,9,656231.5853051,6860396.9979817
336,75112,PARIS 12E ARRONDISSEMENT,4507,751124507,BEL AIR 7,H,,2,656235.4698499,6860603.3600202
337,75112,PARIS 12E ARRONDISSEMENT,4508,751124508,BEL AIR 8,H,,4,656551.6921628,6860551.1976349
338,75112,PARIS 12E ARRONDISSEMENT,4509,751124509,BEL AIR 9,H,,20,656471.8153726,6860343.8752653
339,75112,PARIS 12E ARRONDISSEMENT,4510,751124510,BEL AIR 10,H,,6,656876.5035616,6860418.6851197
340,75112,PARIS 12E ARRONDISSEMENT,4511,751124511,BEL AIR 11,H,,7,656934.0535097,6860759.7117409
341,75112,PARIS 12E ARRONDISSEMENT,4512,751124512,BEL AIR 12,H,,10,656582.3091708,6860813.5819703
342,75112,PARIS 12E ARRONDISSEMENT,4513,751124513,BEL AIR 13,H,,1,656305.4498494,6860848.5460493
343,75112,PARIS 12E ARRONDISSEMENT,4514,751124514,BEL AIR 14,H,,4,656080.1051032,6860923.9909650
344,75112,PARIS 12E ARRONDISSEMENT,4577,751124577,BOIS DE VINCENNES,D,,0,658957.7329274,6859809.6844966
345,75112,PARIS 12E ARRONDISSEMENT,4601,751124601,PICPUS 1,H,,9,656110.1822185,6859625.2628380
346,75112,PARIS 12E ARRONDISSEMENT,4602,751124602,PICPUS 2,H,,6,655945.6776247,6859505.2636450
347,75112,PARIS 12E ARRONDISSEMENT,4603,751124603,PICPUS 3,H,,2,655766.4155383,6859407.4804870
348,75112,PARIS 12E ARRONDISSEMENT,4604,751124604,PICPUS 4,H,,1,655526.4027709,6859632.1875915
349,75112,PARIS 12E ARRONDISSEMENT,4605,751124605,PICPUS 5,H,,1,655735.5110648,6859669.8888476
350,75112,PARIS 12E ARRONDISSEMENT,4606,751124606,PICPUS 6,H,,10,655891.2319468,6859885.4637105
351,75112,PARIS 12E ARRONDISSEMENT,4608,751124608,PICPUS 8,H,,4,655894.5751167,6860035.4259073
352,75112,PARIS 12E ARRONDISSEMENT,4609,751124609,PICPUS 9,H,,1,655661.8549041,6859836.8568281
353,75112,PARIS 12E ARRONDISSEMENT,4610,751124610,PICPUS 10,H,,1,655520.2633830,6859973.1270364
354,75112,PARIS 12E ARRONDISSEMENT,4611,751124611,PICPUS 11,H,,1,655355.6005619,6859980.2383522
355,75112,PARIS 12E ARRONDISSEMENT,4612,751124612,PICPUS 12,H,,21,655282.7392864,6860170.4202752
356,75112,PARIS 12E ARRONDISSEMENT,4613,751124613,PICPUS 13,H,,16,655254.4169023,6860398.7318270
357,75112,PARIS 12E ARRONDISSEMENT,4614,751124614,PICPUS 14,H,,14,655748.1246276,6860258.1925488
358,75112,PARIS 12E ARRONDISSEMENT,4615,751124615,PICPUS 15,H,,10,655904.5741349,6860539.7803946
359,75112,PARIS 12E ARRONDISSEMENT,4616,751124616,PICPUS 16,H,,3,655530.3870672,6860565.8656235
360,75112,PARIS 12E ARRONDISSEMENT,4617,751124617,PICPUS 17,H,,5,655330.8759858,6860812.8495611
361,75112,PARIS 12E ARRONDISSEMENT,4618,751124618,PICPUS 18,H,,9,655251.7099070,6860953.1543233
362,75112,PARIS 12E ARRONDISSEMENT,4619,751124619,PICPUS 19,H,,9,654988.5799159,6860693.7647828
363,75112,PARIS 12E ARRONDISSEMENT,4620,751124620,PICPUS 20,H,,0,654868.6867920,6860878.5972915
364,75112,PARIS 12E ARRONDISSEMENT,4621,751124621,PICPUS 21,H,,1,654952.8650287,6861124.7078835
365,75112,PARIS 12E ARRONDISSEMENT,4622,751124622,PICPUS 22,H,,8,655246.5034286,6861092.4004314
366,75112,PARIS 12E ARRONDISSEMENT,4623,751124623,PICPUS 23,H,,1,655631.1037618,6860961.6740782
367,75112,PARIS 12E ARRONDISSEMENT,4624,751124624,PICPUS 24,H,,2,655897.8770623,6860879.3688384
368,75112,PARIS 12E ARRONDISSEMENT,4677,751124677,BOIS DE VINCENNES,D,,0,658911.0490970,6858641.0014697
369,75112,PARIS 12E ARRONDISSEMENT,4701,751124701,BERCY 1,H,,0,654930.4693003,6859619.4851179
370,75112,PARIS 12E ARRONDISSEMENT,4702,751124702,BERCY 2,H,,0,654863.3007582,6859950.6148197
371,75112,PARIS 12E ARRONDISSEMENT,4703,751124703,BERCY 3,H,,0,655313.8175442,6859389.1891591
372,75112,PARIS 12E ARRONDISSEMENT,4704,751124704,BERCY 4,H,,20,655009.7194170,6860254.0961550
373,75112,PARIS 12E ARRONDISSEMENT,4705,751124705,BERCY 5,H,,14,654666.2892775,6860376.6265549
374,75112,PARIS 12E ARRONDISSEMENT,4706,751124706,BERCY 6,A,,8,655015.9653821,6859329.3381426
375,75112,PARIS 12E ARRONDISSEMENT,4707,751124707,BERCY 7,A,,1,654221.2439065,6860233.5648436
376,75112,PARIS 12E ARRONDISSEMENT,4708,751124708,JARDIN DE BERCY,D,,1,655088.5885725,6859338.0633184
377,75112,PARIS 12E ARRONDISSEMENT,4799,751124799,SEINE ET BERGES,D,,0,654586.4875728,6859455.1906429
378,75112,PARIS 12E ARRONDISSEMENT,4801,751124801,QUINZE VINGTS 1,H,,6,654595.9175805,6860812.7247590
379,75112,PARIS 12E ARRONDISSEMENT,4802,751124802,QUINZE VINGTS 2,H,,3,654340.5087543,6860736.7790441
380,75112,PARIS 12E ARRONDISSEMENT,4803,751124803,QUINZE VINGTS 3,H,,0,653740.6326761,6860895.4847546
381,75112,PARIS 12E ARRONDISSEMENT,4804,751124804,QUINZE VINGTS 4,H,,0,653737.5960736,6861174.3854750
382,75112,PARIS 12E ARRONDISSEMENT,4805,751124805,QUINZE VINGTS 5,H,,0,653886.6466106,6861286.4170510
383,75112,PARIS 12E ARRONDISSEMENT,4806,751124806,QUINZE VINGTS 6,H,,6,654066.9592049,6861134.8782338
384,75112,PARIS 12E ARRONDISSEMENT,4807,751124807,QUINZE VINGTS 7,H,,11,654116.9574776,6861357.6323439
385,75112,PARIS 12E ARRONDISSEMENT,4808,751124808,QUINZE VINGTS 8,H,,1,654168.8539122,6860923.5932989
386,75112,PARIS 12E ARRONDISSEMENT,4809,751124809,QUINZE VINGTS 9,H,,7,654346.2917134,6861150.7418791
387,75112,PARIS 12E ARRONDISSEMENT,4810,751124810,QUINZE VINGTS 10,H,,16,654499.8330893,6861124.1409786
388,75112,PARIS 12E ARRONDISSEMENT,4811,751124811,QUINZE VINGTS 11,A,,0,654159.6030625,6860630.1505013
389,75112,PARIS 12E ARRONDISSEMENT,4812,751124812,QUINZE VINGTS 12,A,,1,653946.3075682,6860539.2216140
390,75112,PARIS 12E ARRONDISSEMENT,4813,751124813,QUINZE VINGTS 13,A,,8,654689.4537646,6861131.5412970
391,75112,PARIS 12E ARRONDISSEMENT,4888,751124888,BASSIN DE L'ARSENAL,D,,0,653618.9359315,6861241.7792516
392,75112,PARIS 12E ARRONDISSEMENT,4899,751124899,SEINE ET BERGES,D,,0,653688.5590086,6860591.4649696
393,75113,PARIS 13E ARRONDISSEMENT,4901,751134901,SALPETRIERE 1,H,,12,653517.5436688,6859706.0636820
394,75113,PARIS 13E ARRONDISSEMENT,4902,751134902,SALPETRIERE 2,H,,12,653058.4939320,6859582.9605330
395,75113,PARIS 13E ARRONDISSEMENT,4903,751134903,SALPETRIERE 3,H,,27,652904.8923372,6859381.0042723
396,75113,PARIS 13E ARRONDISSEMENT,4904,751134904,SALPETRIERE 4,H,,2,652797.8325990,6859621.8433638
397,75113,PARIS 13E ARRONDISSEMENT,4905,751134905,SALPETRIERE 5,H,,15,652659.2228392,6859621.3111394
398,75113,PARIS 13E ARRONDISSEMENT,4906,751134906,SALPETRIERE 6,H,,16,652681.8372358,6859862.7282370
399,75113,PARIS 13E ARRONDISSEMENT,4907,751134907,SALPETRIERE 7,H,,8,652963.4488772,6859969.6977156
400,75113,PARIS 13E ARRONDISSEMENT,4908,751134908,SALPETRIERE 8,A,,3,653457.2640747,6860015.5812506
401,75113,PARIS 13E ARRONDISSEMENT,4999,751134999,SEINE ET BERGES,D,,0,653746.5202006,6860323.1776155
402,75113,PARIS 13E ARRONDISSEMENT,5001,751135001,GARE 1,H,,1,654187.0754335,6858192.8588092
403,75113,PARIS 13E ARRONDISSEMENT,5002,751135002,GARE 2,H,,2,653758.4580232,6857956.4746284
404,75113,PARIS 13E ARRONDISSEMENT,5003,751135003,GARE 3,H,,4,653401.0596788,6858147.5639269
405,75113,PARIS 13E ARRONDISSEMENT,5004,751135004,GARE 4,H,,0,653570.5447541,6858145.0064098
406,75113,PARIS 13E ARRONDISSEMENT,5005,751135005,GARE 5,H,,12,653223.2394651,6858390.6900150
407,75113,PARIS 13E ARRONDISSEMENT,5006,751135006,GARE 6,H,,2,653236.0749412,6858576.5761522
408,75113,PARIS 13E ARRONDISSEMENT,5007,751135007,GARE 7,H,,1,653404.7811901,6858512.6452538
409,75113,PARIS 13E ARRONDISSEMENT,5008,751135008,GARE 8,H,,4,653543.2619194,6858426.5326089
410,75113,PARIS 13E ARRONDISSEMENT,5009,751135009,GARE 9,H,,8,653864.3704755,6858299.2703470
411,75113,PARIS 13E ARRONDISSEMENT,5010,751135010,GARE 10,H,,16,653634.6531851,6858561.7771388
412,75113,PARIS 13E ARRONDISSEMENT,5011,751135011,GARE 11,H,,18,653813.7469177,6858551.0907079
413,75113,PARIS 13E ARRONDISSEMENT,5012,751135012,GARE 12,H,,17,653987.8096072,6858570.5545559
414,75113,PARIS 13E ARRONDISSEMENT,5013,751135013,GARE 13,H,,9,654231.1477745,6858588.2574618
415,75113,PARIS 13E ARRONDISSEMENT,5014,751135014,GARE 14,H,,27,654097.3115738,6858811.0960640
416,75113,PARIS 13E ARRONDISSEMENT,5015,751135015,GARE 15,H,,15,654132.2484160,6859132.4942071
417,75113,PARIS 13E ARRONDISSEMENT,5016,751135016,GARE 16,H,,33,654623.3775836,6858860.4564013
418,75113,PARIS 13E ARRONDISSEMENT,5017,751135017,GARE 17,H,,16,654422.9223051,6859140.7452822
419,75113,PARIS 13E ARRONDISSEMENT,5018,751135018,GARE 18,H,,21,654160.2123794,6859501.9891814
420,75113,PARIS 13E ARRONDISSEMENT,5019,751135019,GARE 19,H,,8,653955.1178089,6858990.2544635
421,75113,PARIS 13E ARRONDISSEMENT,5020,751135020,GARE 20,H,,15,653817.5676058,6859234.0757912
422,75113,PARIS 13E ARRONDISSEMENT,5021,751135021,GARE 21,H,,14,653600.7792991,6859482.9197258
423,75113,PARIS 13E ARRONDISSEMENT,5023,751135023,GARE 23,H,,2,653432.5836865,6859367.4867265
424,75113,PARIS 13E ARRONDISSEMENT,5024,751135024,GARE 24,H,,10,653675.5994470,6859117.0669840
425,75113,PARIS 13E ARRONDISSEMENT,5025,751135025,GARE 25,H,,4,653614.0959587,6858956.2174069
426,75113,PARIS 13E ARRONDISSEMENT,5026,751135026,GARE 26,H,,10,653578.1362545,6858827.8976252
427,75113,PARIS 13E ARRONDISSEMENT,5027,751135027,GARE 27,H,,2,653278.5573092,6858888.2088988
428,75113,PARIS 13E ARRONDISSEMENT,5028,751135028,GARE 28,H,,5,652990.8228286,6858914.5002959
429,75113,PARIS 13E ARRONDISSEMENT,5029,751135029,GARE 29,H,,8,653129.3058856,6859181.4140922
430,75113,PARIS 13E ARRONDISSEMENT,5030,751135030,GARE 30,H,,3,653440.8960172,6859106.2667905
431,75113,PARIS 13E ARRONDISSEMENT,5031,751135031,GARE 31,H,,2,653332.3931430,6859297.5651087
432,75113,PARIS 13E ARRONDISSEMENT,5032,751135032,GARE 32,A,,0,654663.4604460,6858436.3060199
433,75113,PARIS 13E ARRONDISSEMENT,5099,751135099,SEINE ET BERGES,D,,1,654623.8137350,6859224.8916287
434,75113,PARIS 13E ARRONDISSEMENT,5101,751135101,MAISON BLANCHE 1,H,,9,653227.0014623,6857722.3889521
435,75113,PARIS 13E ARRONDISSEMENT,5102,751135102,MAISON BLANCHE 2,H,,5,653209.5729844,6858017.8543768
436,75113,PARIS 13E ARRONDISSEMENT,5103,751135103,MAISON BLANCHE 3,H,,6,653016.4020593,6858035.8354410
437,75113,PARIS 13E ARRONDISSEMENT,5104,751135104,MAISON BLANCHE 4,H,,3,653094.2554801,6858233.2651278
438,75113,PARIS 13E ARRONDISSEMENT,5105,751135105,MAISON BLANCHE 5,H,,1,652963.9678642,6858472.6741321
439,75113,PARIS 13E ARRONDISSEMENT,5106,751135106,MAISON BLANCHE 6,H,,8,652758.3111219,6858366.1050792
440,75113,PARIS 13E ARRONDISSEMENT,5107,751135107,MAISON BLANCHE 7,H,,2,652849.0971972,6858035.7495458
441,75113,PARIS 13E ARRONDISSEMENT,5108,751135108,MAISON BLANCHE 8,H,,7,652423.8261842,6857788.7760558
442,75113,PARIS 13E ARRONDISSEMENT,5109,751135109,MAISON BLANCHE 9,H,,31,652587.8591080,6858324.3117364
443,75113,PARIS 13E ARRONDISSEMENT,5110,751135110,MAISON BLANCHE 10,H,,11,652083.9358242,6858095.1403090
444,75113,PARIS 13E ARRONDISSEMENT,5111,751135111,MAISON BLANCHE 11,H,,8,652294.8409121,6858303.7792050
445,75113,PARIS 13E ARRONDISSEMENT,5112,751135112,MAISON BLANCHE 12,H,,17,652392.7310242,6858509.5366248
446,75113,PARIS 13E ARRONDISSEMENT,5113,751135113,MAISON BLANCHE 13,H,,18,652125.2295767,6858481.6895045
447,75113,PARIS 13E ARRONDISSEMENT,5114,751135114,MAISON BLANCHE 14,H,,7,651915.6952437,6858505.4022452
448,75113,PARIS 13E ARRONDISSEMENT,5115,751135115,MAISON BLANCHE 15,H,,18,651868.5413520,6858247.7679255
449,75113,PARIS 13E ARRONDISSEMENT,5116,751135116,MAISON BLANCHE 16,H,,4,651747.5905830,6858423.3397667
450,75113,PARIS 13E ARRONDISSEMENT,5117,751135117,MAISON BLANCHE 17,H,,4,651832.2762613,6858771.5474604
451,75113,PARIS 13E ARRONDISSEMENT,5118,751135118,MAISON BLANCHE 18,H,,12,651730.8558853,6859058.0740600
452,75113,PARIS 13E ARRONDISSEMENT,5119,751135119,MAISON BLANCHE 19,H,,2,651893.4004055,6859014.2849811
453,75113,PARIS 13E ARRONDISSEMENT,5120,751135120,MAISON BLANCHE 20,H,,10,652031.7974023,6858894.3533932
454,75113,PARIS 13E ARRONDISSEMENT,5121,751135121,MAISON BLANCHE 21,H,,32,652244.4388262,6858954.1569979
455,75113,PARIS 13E ARRONDISSEMENT,5122,751135122,MAISON BLANCHE 22,H,,39,652287.9429544,6858722.0163661
456,75113,PARIS 13E ARRONDISSEMENT,5123,751135123,MAISON BLANCHE 23,H,,18,652460.1453041,6858992.8730280
457,75113,PARIS 13E ARRONDISSEMENT,5124,751135124,MAISON BLANCHE 24,H,,10,652687.6778742,6858983.7047102
458,75113,PARIS 13E ARRONDISSEMENT,5125,751135125,MAISON BLANCHE 25,H,,5,652744.1221219,6858742.0611925
459,75113,PARIS 13E ARRONDISSEMENT,5201,751135201,CROULEBARBE 1,H,,8,652478.7561707,6859464.9988628
460,75113,PARIS 13E ARRONDISSEMENT,5202,751135202,CROULEBARBE 2,H,,2,652307.5006833,6859169.4287545
461,75113,PARIS 13E ARRONDISSEMENT,5203,751135203,CROULEBARBE 3,H,,2,652206.0759919,6859434.7695048
462,75113,PARIS 13E ARRONDISSEMENT,5204,751135204,CROULEBARBE 4,H,,17,651996.3711786,6859422.0573002
463,75113,PARIS 13E ARRONDISSEMENT,5205,751135205,CROULEBARBE 5,H,,6,651787.8791422,6859370.6087160
464,75113,PARIS 13E ARRONDISSEMENT,5206,751135206,CROULEBARBE 6,H,,3,651805.3510434,6859735.6260863
465,75113,PARIS 13E ARRONDISSEMENT,5207,751135207,CROULEBARBE 7,H,,10,652095.7263523,6859774.2093925
466,75114,PARIS 14E ARRONDISSEMENT,5301,751145301,MONTPARNASSE 1,H,,10,651510.6206523,6859529.2736948
467,75114,PARIS 14E ARRONDISSEMENT,5302,751145302,MONTPARNASSE 2,H,,1,651280.6799189,6859764.9713857
468,75114,PARIS 14E ARRONDISSEMENT,5303,751145303,MONTPARNASSE 3,H,,13,650791.3432126,6859603.7705325
469,75114,PARIS 14E ARRONDISSEMENT,5304,751145304,MONTPARNASSE 4,H,,3,650469.2574781,6859783.0154721
470,75114,PARIS 14E ARRONDISSEMENT,5305,751145305,MONTPARNASSE 5,H,,4,650640.1394908,6859976.6637396
471,75114,PARIS 14E ARRONDISSEMENT,5306,751145306,MONTPARNASSE 6,H,,7,650328.9926683,6860310.8552910
472,75114,PARIS 14E ARRONDISSEMENT,5307,751145307,MONTPARNASSE 7,H,,3,650554.9607051,6860460.5743733
473,75114,PARIS 14E ARRONDISSEMENT,5308,751145308,MONTPARNASSE 8,H,,0,650705.3481422,6860292.4738415
474,75114,PARIS 14E ARRONDISSEMENT,5309,751145309,MONTPARNASSE 9,H,,4,650965.5273560,6860236.0707668
475,75114,PARIS 14E ARRONDISSEMENT,5310,751145310,MONTPARNASSE 10,H,,7,651093.2131810,6859962.6804958
476,75114,PARIS 14E ARRONDISSEMENT,5311,751145311,MONTPARNASSE 11,A,,4,651578.2458333,6859865.8715373
477,75114,PARIS 14E ARRONDISSEMENT,5401,751145401,PARC DE MONTSOURIS 1,H,,4,651307.4234929,6857839.4113383
478,75114,PARIS 14E ARRONDISSEMENT,5402,751145402,PARC DE MONTSOURIS 2,H,,20,651370.0812570,6858228.8432873
479,75114,PARIS 14E ARRONDISSEMENT,5403,751145403,PARC DE MONTSOURIS 3,H,,6,651397.4182874,6858617.5896598
480,75114,PARIS 14E ARRONDISSEMENT,5404,751145404,PARC DE MONTSOURIS 4,H,,38,651053.7503887,6858589.0324216
481,75114,PARIS 14E ARRONDISSEMENT,5405,751145405,PARC DE MONTSOURIS 5,H,,6,651189.3679606,6858969.6649993
482,75114,PARIS 14E ARRONDISSEMENT,5406,751145406,PARC DE MONTSOURIS 6,H,,11,651409.5517924,6859253.4019810
483,75114,PARIS 14E ARRONDISSEMENT,5407,751145407,PARC DE MONTSOURIS 7,A,,2,651495.3717131,6858926.6905504
484,75114,PARIS 14E ARRONDISSEMENT,5501,751145501,PETIT MONTROUGE 1,H,,0,650608.5996625,6858098.3299275
485,75114,PARIS 14E ARRONDISSEMENT,5502,751145502,PETIT MONTROUGE 2,H,,0,650680.9226427,6858368.9130741
486,75114,PARIS 14E ARRONDISSEMENT,5503,751145503,PETIT MONTROUGE 3,H,,3,650120.2103059,6858259.5850565
487,75114,PARIS 14E ARRONDISSEMENT,5504,751145504,PETIT MONTROUGE 4,H,,15,650228.1233946,6858501.8967254
488,75114,PARIS 14E ARRONDISSEMENT,5505,751145505,PETIT MONTROUGE 5,H,,13,650290.3792057,6858805.0595721
489,75114,PARIS 14E ARRONDISSEMENT,5506,751145506,PETIT MONTROUGE 6,H,,12,650412.4684186,6858636.8650524
490,75114,PARIS 14E ARRONDISSEMENT,5507,751145507,PETIT MONTROUGE 7,H,,4,650623.5945503,6858705.1076225
491,75114,PARIS 14E ARRONDISSEMENT,5508,751145508,PETIT MONTROUGE 8,H,,19,650790.4992867,6858590.6940482
492,75114,PARIS 14E ARRONDISSEMENT,5509,751145509,PETIT MONTROUGE 9,H,,6,650812.7437916,6858786.0999489
493,75114,PARIS 14E ARRONDISSEMENT,5510,751145510,PETIT MONTROUGE 10,H,,22,650934.5629045,6858960.2637482
494,75114,PARIS 14E ARRONDISSEMENT,5511,751145511,PETIT MONTROUGE 11,H,,23,650759.4538072,6859005.3584402
495,75114,PARIS 14E ARRONDISSEMENT,5512,751145512,PETIT MONTROUGE 12,H,,3,650605.2345267,6859110.7840782
496,75114,PARIS 14E ARRONDISSEMENT,5513,751145513,PETIT MONTROUGE 13,H,,6,650433.8022522,6859074.0560774
497,75114,PARIS 14E ARRONDISSEMENT,5514,751145514,PETIT MONTROUGE 14,H,,8,650641.3476708,6859333.0971155
498,75114,PARIS 14E ARRONDISSEMENT,5515,751145515,PETIT MONTROUGE 15,H,,22,651029.2395381,6859296.6649117
499,75114,PARIS 14E ARRONDISSEMENT,5516,751145516,PETIT MONTROUGE 16,H,,17,650712.3302207,6859484.4925665
500,75114,PARIS 14E ARRONDISSEMENT,5601,751145601,PLAISANCE 1,H,,0,649612.1521425,6858454.0060469
501,75114,PARIS 14E ARRONDISSEMENT,5602,751145602,PLAISANCE 2,H,,2,649361.7318608,6858660.4278689
502,75114,PARIS 14E ARRONDISSEMENT,5603,751145603,PLAISANCE 3,H,,8,649063.3985600,6858619.7794492
503,75114,PARIS 14E ARRONDISSEMENT,5604,751145604,PLAISANCE 4,H,,5,649219.3126777,6859096.7333914
504,75114,PARIS 14E ARRONDISSEMENT,5605,751145605,PLAISANCE 5,H,,1,649294.1620045,6858825.6196783
505,75114,PARIS 14E ARRONDISSEMENT,5606,751145606,PLAISANCE 6,H,,0,649796.2228303,6858674.2931604
506,75114,PARIS 14E ARRONDISSEMENT,5607,751145607,PLAISANCE 7,H,,5,649965.3569909,6858864.8473215
507,75114,PARIS 14E ARRONDISSEMENT,5608,751145608,PLAISANCE 8,H,,7,649698.0746272,6859050.0161594
508,75114,PARIS 14E ARRONDISSEMENT,5609,751145609,PLAISANCE 9,H,,2,649463.2923522,6859272.2500197
509,75114,PARIS 14E ARRONDISSEMENT,5610,751145610,PLAISANCE 10,H,,5,649700.1551222,6859199.2927131
510,75114,PARIS 14E ARRONDISSEMENT,5611,751145611,PLAISANCE 11,H,,5,649898.5750427,6859125.5021241
511,75114,PARIS 14E ARRONDISSEMENT,5612,751145612,PLAISANCE 12,H,,2,650106.0968710,6859035.0224014
512,75114,PARIS 14E ARRONDISSEMENT,5613,751145613,PLAISANCE 13,H,,7,650196.5480186,6859183.9252843
513,75114,PARIS 14E ARRONDISSEMENT,5614,751145614,PLAISANCE 14,H,,15,649960.6977163,6859452.2490415
514,75114,PARIS 14E ARRONDISSEMENT,5615,751145615,PLAISANCE 15,H,,10,649908.4242880,6859372.6030479
515,75114,PARIS 14E ARRONDISSEMENT,5616,751145616,PLAISANCE 16,H,,35,649772.4226747,6859339.8423368
516,75114,PARIS 14E ARRONDISSEMENT,5617,751145617,PLAISANCE 17,H,,11,649570.7748979,6859478.5695836
517,75114,PARIS 14E ARRONDISSEMENT,5618,751145618,PLAISANCE 18,H,,47,649808.5387106,6859745.6060743
518,75114,PARIS 14E ARRONDISSEMENT,5619,751145619,PLAISANCE 19,H,,10,650061.0299272,6859546.1247421
519,75114,PARIS 14E ARRONDISSEMENT,5620,751145620,PLAISANCE 20,H,,8,650262.4018237,6859358.8972496
520,75114,PARIS 14E ARRONDISSEMENT,5621,751145621,PLAISANCE 21,H,,4,650333.8542110,6859513.9948621
521,75114,PARIS 14E ARRONDISSEMENT,5622,751145622,PLAISANCE 22,H,,3,650457.8738585,6859601.8907232
522,75114,PARIS 14E ARRONDISSEMENT,5623,751145623,PLAISANCE 23,H,,20,650166.8106803,6859742.8469908
523,75114,PARIS 14E ARRONDISSEMENT,5624,751145624,PLAISANCE 24,H,,26,650095.4251873,6860017.8189909
524,75114,PARIS 14E ARRONDISSEMENT,5625,751145625,PLAISANCE 25,A,,3,649495.3229286,6858947.7816757
525,75115,PARIS 15E ARRONDISSEMENT,5701,751155701,SAINT-LAMBERT 1,H,,21,648437.4119832,6858866.5682929
526,75115,PARIS 15E ARRONDISSEMENT,5702,751155702,SAINT-LAMBERT 2,H,,4,649239.5449216,6859317.8310899
527,75115,PARIS 15E ARRONDISSEMENT,5703,751155703,SAINT-LAMBERT 3,H,,12,648890.3633897,6859140.5431840
528,75115,PARIS 15E ARRONDISSEMENT,5704,751155704,SAINT-LAMBERT 4,H,,18,648570.3297119,6859213.4143558
529,75115,PARIS 15E ARRONDISSEMENT,5705,751155705,SAINT-LAMBERT 5,H,,23,648280.4362365,6859352.0833971
530,75115,PARIS 15E ARRONDISSEMENT,5706,751155706,SAINT-LAMBERT 6,H,,2,647953.1087519,6859392.2217759
531,75115,PARIS 15E ARRONDISSEMENT,5707,751155707,SAINT-LAMBERT 7,H,,4,648116.9941502,6859576.2113061
532,75115,PARIS 15E ARRONDISSEMENT,5708,751155708,SAINT-LAMBERT 8,H,,0,647676.1585986,6859608.5560209
533,75115,PARIS 15E ARRONDISSEMENT,5709,751155709,SAINT-LAMBERT 9,H,,5,647923.5563064,6859686.9049992
534,75115,PARIS 15E ARRONDISSEMENT,5710,751155710,SAINT-LAMBERT 10,H,,4,647569.7363484,6859827.5324123
535,75115,PARIS 15E ARRONDISSEMENT,5711,751155711,SAINT-LAMBERT 11,H,,17,647947.3494356,6859900.4493055
536,75115,PARIS 15E ARRONDISSEMENT,5712,751155712,SAINT-LAMBERT 12,H,,8,648001.1771981,6860075.4422736
537,75115,PARIS 15E ARRONDISSEMENT,5713,751155713,SAINT-LAMBERT 13,H,,1,648182.5434650,6859911.2052592
538,75115,PARIS 15E ARRONDISSEMENT,5714,751155714,SAINT-LAMBERT 14,H,,3,648318.0355190,6859781.6940692
539,75115,PARIS 15E ARRONDISSEMENT,5715,751155715,SAINT-LAMBERT 15,H,,6,648494.1728795,6859680.7349581
540,75115,PARIS 15E ARRONDISSEMENT,5716,751155716,SAINT-LAMBERT 16,H,,4,648672.8887884,6859588.2890924
541,75115,PARIS 15E ARRONDISSEMENT,5717,751155717,SAINT-LAMBERT 17,H,,4,648828.7319918,6859526.3752483
542,75115,PARIS 15E ARRONDISSEMENT,5718,751155718,SAINT-LAMBERT 18,H,,7,648972.0702470,6859454.9802189
543,75115,PARIS 15E ARRONDISSEMENT,5719,751155719,SAINT-LAMBERT 19,H,,13,649128.8842504,6859424.0659343
544,75115,PARIS 15E ARRONDISSEMENT,5720,751155720,SAINT-LAMBERT 20,H,,3,649250.9401696,6859634.9321663
545,75115,PARIS 15E ARRONDISSEMENT,5721,751155721,SAINT-LAMBERT 21,H,,2,649230.0140877,6859790.0214348
546,75115,PARIS 15E ARRONDISSEMENT,5722,751155722,SAINT-LAMBERT 22,H,,9,648831.3897075,6859799.9919597
547,75115,PARIS 15E ARRONDISSEMENT,5723,751155723,SAINT-LAMBERT 23,H,,5,648562.6107703,6859965.3523755
548,75115,PARIS 15E ARRONDISSEMENT,5724,751155724,SAINT-LAMBERT 24,H,,7,648491.0860549,6860216.3290458
549,75115,PARIS 15E ARRONDISSEMENT,5725,751155725,SAINT-LAMBERT 25,H,,4,648287.7071062,6860092.3458431
550,75115,PARIS 15E ARRONDISSEMENT,5726,751155726,SAINT-LAMBERT 26,H,,7,648111.4645343,6860297.8427253
551,75115,PARIS 15E ARRONDISSEMENT,5727,751155727,SAINT-LAMBERT 27,H,,1,648385.8878402,6860471.4592542
552,75115,PARIS 15E ARRONDISSEMENT,5728,751155728,SAINT-LAMBERT 28,H,,6,648634.9147209,6860513.7407508
553,75115,PARIS 15E ARRONDISSEMENT,5729,751155729,SAINT-LAMBERT 29,H,,17,648736.2007259,6860326.3274852
554,75115,PARIS 15E ARRONDISSEMENT,5730,751155730,SAINT-LAMBERT 30,H,,3,648857.9851383,6860100.7385988
555,75115,PARIS 15E ARRONDISSEMENT,5731,751155731,SAINT-LAMBERT 31,H,,0,649023.5002355,6859943.8144282
556,75115,PARIS 15E ARRONDISSEMENT,5732,751155732,SAINT-LAMBERT 32,A,,2,647680.5582105,6859241.3009767
557,75115,PARIS 15E ARRONDISSEMENT,5733,751155733,SAINT-LAMBERT 33,A,,1,649109.7761423,6859712.1345512
558,75115,PARIS 15E ARRONDISSEMENT,5801,751155801,NECKER 1,H,,0,649605.7707031,6859888.7886553
559,75115,PARIS 15E ARRONDISSEMENT,5802,751155802,NECKER 2,H,,3,649334.4252022,6859989.4442037
560,75115,PARIS 15E ARRONDISSEMENT,5803,751155803,NECKER 3,H,,7,649577.3552766,6860202.6783504
561,75115,PARIS 15E ARRONDISSEMENT,5804,751155804,NECKER 4,H,,3,649343.0640260,6860327.1055013
562,75115,PARIS 15E ARRONDISSEMENT,5805,751155805,NECKER 5,H,,9,649132.1756393,6860160.8251552
563,75115,PARIS 15E ARRONDISSEMENT,5806,751155806,NECKER 6,H,,53,649013.0528237,6860446.1580376
564,75115,PARIS 15E ARRONDISSEMENT,5807,751155807,NECKER 7,H,,10,649320.2021194,6860580.2383373
565,75115,PARIS 15E ARRONDISSEMENT,5808,751155808,NECKER 8,H,,2,649174.7086089,6860795.4645510
566,75115,PARIS 15E ARRONDISSEMENT,5809,751155809,NECKER 9,H,,35,648922.4682259,6860706.2190513
567,75115,PARIS 15E ARRONDISSEMENT,5810,751155810,NECKER 10,H,,23,648625.3799078,6860766.0929089
568,75115,PARIS 15E ARRONDISSEMENT,5811,751155811,NECKER 11,H,,8,648870.3496151,6860954.0897450
569,75115,PARIS 15E ARRONDISSEMENT,5812,751155812,NECKER 12,H,,5,649006.8238025,6861059.8985842
570,75115,PARIS 15E ARRONDISSEMENT,5813,751155813,NECKER 13,H,,1,649358.9891244,6860954.7119587
571,75115,PARIS 15E ARRONDISSEMENT,5814,751155814,NECKER 14,H,,6,649715.4462882,6860774.5258792
572,75115,PARIS 15E ARRONDISSEMENT,5815,751155815,NECKER 15,H,,8,649728.0594835,6860538.4382907
573,75115,PARIS 15E ARRONDISSEMENT,5816,751155816,NECKER 16,H,,4,649898.5512333,6860431.6570369
574,75115,PARIS 15E ARRONDISSEMENT,5817,751155817,NECKER 17,H,,19,650093.1811318,6860632.9282068
575,75115,PARIS 15E ARRONDISSEMENT,5818,751155818,NECKER 18,A,,7,649980.3710995,6860258.5597646
576,75115,PARIS 15E ARRONDISSEMENT,5819,751155819,NECKER 19,A,,1,650287.6230587,6860509.4905074
577,75115,PARIS 15E ARRONDISSEMENT,5901,751155901,GRENELLE 1,H,,1,648249.7279314,6860693.2662293
578,75115,PARIS 15E ARRONDISSEMENT,5902,751155902,GRENELLE 2,H,,1,648374.2050640,6860871.5028033
579,75115,PARIS 15E ARRONDISSEMENT,5903,751155903,GRENELLE 3,H,,4,648116.4073314,6860843.6188862
580,75115,PARIS 15E ARRONDISSEMENT,5904,751155904,GRENELLE 4,H,,6,647861.0413624,6860898.5283293
581,75115,PARIS 15E ARRONDISSEMENT,5905,751155905,GRENELLE 5,H,,11,648030.9022265,6861068.3531784
582,75115,PARIS 15E ARRONDISSEMENT,5906,751155906,GRENELLE 6,H,,17,647739.3199981,6861078.5992311
583,75115,PARIS 15E ARRONDISSEMENT,5907,751155907,GRENELLE 7,H,,15,647672.0845992,6861272.2753521
584,75115,PARIS 15E ARRONDISSEMENT,5908,751155908,GRENELLE 8,H,,20,647549.3194284,6861382.2093615
585,75115,PARIS 15E ARRONDISSEMENT,5909,751155909,GRENELLE 9,H,,16,647889.5733015,6861279.3562126
586,75115,PARIS 15E ARRONDISSEMENT,5910,751155910,GRENELLE 10,H,,15,648112.9188197,6861271.5952283
587,75115,PARIS 15E ARRONDISSEMENT,5911,751155911,GRENELLE 11,H,,6,648302.7768710,6861171.3879230
588,75115,PARIS 15E ARRONDISSEMENT,5912,751155912,GRENELLE 12,H,,2,648522.1082917,6861060.1436235
589,75115,PARIS 15E ARRONDISSEMENT,5913,751155913,GRENELLE 13,H,,10,648698.8416343,6861270.3790574
590,75115,PARIS 15E ARRONDISSEMENT,5914,751155914,GRENELLE 14,H,,8,648535.9940976,6861440.7222627
591,75115,PARIS 15E ARRONDISSEMENT,5915,751155915,GRENELLE 15,H,,9,648297.2308627,6861389.6730569
592,75115,PARIS 15E ARRONDISSEMENT,5916,751155916,GRENELLE 16,H,,6,648175.8617185,6861558.3006026
593,75115,PARIS 15E ARRONDISSEMENT,5917,751155917,GRENELLE 17,H,,20,648355.5929060,6861658.0946744
594,75115,PARIS 15E ARRONDISSEMENT,5918,751155918,GRENELLE 18,H,,13,648031.9521548,6861853.7589910
595,75115,PARIS 15E ARRONDISSEMENT,5919,751155919,GRENELLE 19,H,,3,647843.2331328,6861646.1829626
596,75115,PARIS 15E ARRONDISSEMENT,5920,751155920,GRENELLE 20,A,,8,647918.7283895,6861429.2531982
597,75115,PARIS 15E ARRONDISSEMENT,5999,751155999,SEINE ET BERGES,D,,0,647574.9564258,6861723.3182600
598,75115,PARIS 15E ARRONDISSEMENT,6001,751156001,JAVEL 1,H,,0,646660.8367239,6859482.1398054
599,75115,PARIS 15E ARRONDISSEMENT,6002,751156002,JAVEL 2,H,,6,647208.1436406,6859874.2147306
600,75115,PARIS 15E ARRONDISSEMENT,6003,751156003,JAVEL 3,H,,5,647466.1622623,6860032.7907769
601,75115,PARIS 15E ARRONDISSEMENT,6004,751156004,JAVEL 4,H,,10,647709.9854568,6860184.1069650
602,75115,PARIS 15E ARRONDISSEMENT,6005,751156005,JAVEL 5,H,,6,647308.4531403,6860362.8767383
603,75115,PARIS 15E ARRONDISSEMENT,6006,751156006,JAVEL 6,H,,2,647536.8787813,6860302.4363648
604,75115,PARIS 15E ARRONDISSEMENT,6007,751156007,JAVEL 7,H,,5,647167.6007126,6860089.3846456
605,75115,PARIS 15E ARRONDISSEMENT,6008,751156008,JAVEL 8,H,,7,647053.1313828,6860272.8605888
606,75115,PARIS 15E ARRONDISSEMENT,6009,751156009,JAVEL 9,H,,1,646900.6233263,6860477.4502384
607,75115,PARIS 15E ARRONDISSEMENT,6010,751156010,JAVEL 10,H,,3,646967.9313037,6860623.3259299
608,75115,PARIS 15E ARRONDISSEMENT,6012,751156012,JAVEL 12,H,,14,647124.5978941,6860646.9664406
609,75115,PARIS 15E ARRONDISSEMENT,6013,751156013,JAVEL 13,H,,4,647228.0255526,6860795.6746790
610,75115,PARIS 15E ARRONDISSEMENT,6014,751156014,JAVEL 14,H,,4,647282.4932301,6861045.3650669
611,75115,PARIS 15E ARRONDISSEMENT,6015,751156015,JAVEL 15,H,,7,647374.8608648,6860886.1841169
612,75115,PARIS 15E ARRONDISSEMENT,6016,751156016,JAVEL 16,H,,13,647579.4908185,6860823.1583418
613,75115,PARIS 15E ARRONDISSEMENT,6017,751156017,JAVEL 17,H,,6,647522.0433943,6860628.7931069
614,75115,PARIS 15E ARRONDISSEMENT,6018,751156018,JAVEL 18,H,,9,647722.2393511,6860487.4657502
615,75115,PARIS 15E ARRONDISSEMENT,6019,751156019,JAVEL 19,H,,0,647853.7805892,6860653.6052996
616,75115,PARIS 15E ARRONDISSEMENT,6020,751156020,JAVEL 20,H,,2,648001.4959147,6860436.9299484
617,75115,PARIS 15E ARRONDISSEMENT,6021,751156021,JAVEL 21,A,,2,646691.5317393,6860056.7017905
618,75115,PARIS 15E ARRONDISSEMENT,6022,751156022,JAVEL 22,A,,2,647440.2052850,6860440.8037713
619,75115,PARIS 15E ARRONDISSEMENT,6023,751156023,JARDIN CITROEN CEVENNES,D,,0,646811.3312696,6860268.3496609
620,75115,PARIS 15E ARRONDISSEMENT,6099,751156099,SEINE ET BERGES,D,,0,646615.4329567,6860514.0351500
621,75116,PARIS 16E ARRONDISSEMENT,6101,751166101,AUTEUIL 1,H,,13,645817.9022052,6859919.7924029
622,75116,PARIS 16E ARRONDISSEMENT,6102,751166102,AUTEUIL 2,H,,23,646022.5645968,6860117.0413570
623,75116,PARIS 16E ARRONDISSEMENT,6103,751166103,AUTEUIL 3,H,,18,645705.5720707,6860049.0761564
624,75116,PARIS 16E ARRONDISSEMENT,6104,751166104,AUTEUIL 4,H,,3,645557.5552175,6859908.4880151
625,75116,PARIS 16E ARRONDISSEMENT,6105,751166105,AUTEUIL 5,H,,35,645649.9985693,6860228.3997497
626,75116,PARIS 16E ARRONDISSEMENT,6106,751166106,AUTEUIL 6,H,,21,645833.7032047,6860374.3049089
627,75116,PARIS 16E ARRONDISSEMENT,6107,751166107,AUTEUIL 7,H,,9,645552.6813444,6860428.4720069
628,75116,PARIS 16E ARRONDISSEMENT,6108,751166108,AUTEUIL 8,H,,7,645405.2051199,6860576.6020794
629,75116,PARIS 16E ARRONDISSEMENT,6109,751166109,AUTEUIL 9,H,,8,645506.4405636,6860653.9567314
630,75116,PARIS 16E ARRONDISSEMENT,6110,751166110,AUTEUIL 10,H,,7,645694.9353185,6860939.2274766
631,75116,PARIS 16E ARRONDISSEMENT,6111,751166111,AUTEUIL 11,H,,7,645813.5196904,6860894.8688507
632,75116,PARIS 16E ARRONDISSEMENT,6112,751166112,AUTEUIL 12,H,,18,645919.3859250,6860805.4380960
633,75116,PARIS 16E ARRONDISSEMENT,6113,751166113,AUTEUIL 13,H,,32,646091.5360978,6860790.9291261
634,75116,PARIS 16E ARRONDISSEMENT,6114,751166114,AUTEUIL 14,H,,28,646107.8140890,6860479.6760925
635,75116,PARIS 16E ARRONDISSEMENT,6115,751166115,AUTEUIL 15,H,,49,646387.9679814,6860571.7711261
636,75116,PARIS 16E ARRONDISSEMENT,6116,751166116,AUTEUIL 16,H,,36,646320.6319975,6860764.1969775
637,75116,PARIS 16E ARRONDISSEMENT,6117,751166117,AUTEUIL 17,H,,31,646520.5816908,6861026.5032632
638,75116,PARIS 16E ARRONDISSEMENT,6118,751166118,AUTEUIL 18,H,,25,646250.7467078,6861175.4063655
639,75116,PARIS 16E ARRONDISSEMENT,6119,751166119,AUTEUIL 19,H,,7,646151.0252874,6861316.7019100
640,75116,PARIS 16E ARRONDISSEMENT,6120,751166120,AUTEUIL 20,H,,19,645898.8498554,6861289.4109171
641,75116,PARIS 16E ARRONDISSEMENT,6121,751166121,AUTEUIL 21,H,,7,645771.0759212,6861591.7822581
642,75116,PARIS 16E ARRONDISSEMENT,6122,751166122,AUTEUIL 22,H,,14,646009.9595983,6861685.9424675
643,75116,PARIS 16E ARRONDISSEMENT,6123,751166123,AUTEUIL 23,H,,9,646151.2628333,6861592.1357879
644,75116,PARIS 16E ARRONDISSEMENT,6124,751166124,AUTEUIL 24,H,,8,646240.8204773,6861813.4439498
645,75116,PARIS 16E ARRONDISSEMENT,6125,751166125,AUTEUIL 25,H,,12,646613.4957554,6861671.4811889
646,75116,PARIS 16E ARRONDISSEMENT,6126,751166126,AUTEUIL 26,H,,6,646404.3039579,6861540.1734687
647,75116,PARIS 16E ARRONDISSEMENT,6127,751166127,AUTEUIL 27,H,,25,646667.7134603,6861440.7901101
648,75116,PARIS 16E ARRONDISSEMENT,6128,751166128,AUTEUIL 28,H,,8,646640.1673836,6861277.0561528
649,75116,PARIS 16E ARRONDISSEMENT,6129,751166129,AUTEUIL 29,H,,1,646752.3789059,6861187.2416901
650,75116,PARIS 16E ARRONDISSEMENT,6130,751166130,AUTEUIL 30,H,,6,646924.6260910,6861387.9538437
651,75116,PARIS 16E ARRONDISSEMENT,6131,751166131,AUTEUIL 31,A,,0,645348.1573228,6860151.1402682
652,75116,PARIS 16E ARRONDISSEMENT,6177,751166177,BOIS DE BOULOGNE,D,,0,644408.0273118,6861935.1991446
653,75116,PARIS 16E ARRONDISSEMENT,6199,751166199,SEINE ET BERGES,D,,0,646475.5212430,6860522.2270154
654,75116,PARIS 16E ARRONDISSEMENT,6201,751166201,MUETTE 1,H,,6,647223.1199792,6861823.2677406
655,75116,PARIS 16E ARRONDISSEMENT,6202,751166202,MUETTE 2,H,,24,646671.0644519,6861813.3453191
656,75116,PARIS 16E ARRONDISSEMENT,6203,751166203,MUETTE 3,H,,15,646946.5479888,6861899.2435238
657,75116,PARIS 16E ARRONDISSEMENT,6204,751166204,MUETTE 4,H,,16,646669.7970660,6861986.9761652
658,75116,PARIS 16E ARRONDISSEMENT,6205,751166205,MUETTE 5,H,,7,646507.1246122,6862101.8048083
659,75116,PARIS 16E ARRONDISSEMENT,6206,751166206,MUETTE 6,H,,5,646285.0524551,6862139.9878702
660,75116,PARIS 16E ARRONDISSEMENT,6207,751166207,MUETTE 7,H,,10,646154.5225937,6862465.6942329
661,75116,PARIS 16E ARRONDISSEMENT,6208,751166208,MUETTE 8,H,,33,646584.6709175,6862614.6460567
662,75116,PARIS 16E ARRONDISSEMENT,6209,751166209,MUETTE 9,H,,20,646784.0728319,6862824.6071967
663,75116,PARIS 16E ARRONDISSEMENT,6210,751166210,MUETTE 10,H,,6,646752.0252086,6862493.0393938
664,75116,PARIS 16E ARRONDISSEMENT,6211,751166211,MUETTE 11,H,,28,646859.9871721,6862127.1003261
665,75116,PARIS 16E ARRONDISSEMENT,6212,751166212,MUETTE 12,H,,7,647117.5774862,6862063.0394543
666,75116,PARIS 16E ARRONDISSEMENT,6213,751166213,MUETTE 13,H,,9,647470.8111840,6862056.9619507
667,75116,PARIS 16E ARRONDISSEMENT,6214,751166214,MUETTE 14,H,,12,647314.5903317,6862174.0384787
668,75116,PARIS 16E ARRONDISSEMENT,6215,751166215,MUETTE 15,H,,14,647278.5522015,6862348.4068040
669,75116,PARIS 16E ARRONDISSEMENT,6216,751166216,MUETTE 16,H,,6,647037.5959421,6862298.1353890
670,75116,PARIS 16E ARRONDISSEMENT,6217,751166217,MUETTE 17,H,,18,646979.1686840,6862475.1425515
671,75116,PARIS 16E ARRONDISSEMENT,6218,751166218,MUETTE 18,H,,7,647044.3744989,6862736.3293372
672,75116,PARIS 16E ARRONDISSEMENT,6219,751166219,MUETTE 19,H,,19,647389.7834031,6862683.9924689
673,75116,PARIS 16E ARRONDISSEMENT,6220,751166220,MUETTE 20,H,,17,647475.4881516,6862486.1734233
674,75116,PARIS 16E ARRONDISSEMENT,6221,751166221,MUETTE 21,H,,0,647727.9842024,6862428.3213934
675,75116,PARIS 16E ARRONDISSEMENT,6222,751166222,MUETTE 22,A,,0,647040.1735085,6861633.4347642
676,75116,PARIS 16E ARRONDISSEMENT,6223,751166223,MUETTE 23,A,,6,646421.0076481,6862517.9786748
677,75116,PARIS 16E ARRONDISSEMENT,6277,751166277,BOIS DE BOULOGNE,D,,0,644965.7934413,6863158.3360382
678,75116,PARIS 16E ARRONDISSEMENT,6299,751166299,SEINE ET BERGES,D,,0,647525.7644528,6861886.4415485
679,75116,PARIS 16E ARRONDISSEMENT,6301,751166301,PORTE DAUPHINE 1,H,,23,647519.0572967,6862973.6557812
680,75116,PARIS 16E ARRONDISSEMENT,6302,751166302,PORTE DAUPHINE 2,H,,10,647258.7848877,6863071.8424331
681,75116,PARIS 16E ARRONDISSEMENT,6303,751166303,PORTE DAUPHINE 3,H,,15,646990.1988500,6863092.5554414
682,75116,PARIS 16E ARRONDISSEMENT,6304,751166304,PORTE DAUPHINE 4,H,,27,646769.0589456,6863156.8628207
683,75116,PARIS 16E ARRONDISSEMENT,6305,751166305,PORTE DAUPHINE 5,H,,10,646581.3632778,6863254.2465768
684,75116,PARIS 16E ARRONDISSEMENT,6306,751166306,PORTE DAUPHINE 6,H,,3,646933.0958407,6863534.3602294
685,75116,PARIS 16E ARRONDISSEMENT,6307,751166307,PORTE DAUPHINE 7,H,,5,647162.7875383,6863444.5383188
686,75116,PARIS 16E ARRONDISSEMENT,6308,751166308,PORTE DAUPHINE 8,H,,11,647462.5105973,6863380.3895372
687,75116,PARIS 16E ARRONDISSEMENT,6309,751166309,PORTE DAUPHINE 9,H,,0,647370.7100925,6863686.5583493
688,75116,PARIS 16E ARRONDISSEMENT,6310,751166310,PORTE DAUPHINE 10,H,,2,647176.9577081,6863894.3715788
689,75116,PARIS 16E ARRONDISSEMENT,6311,751166311,PORTE DAUPHINE 11,H,,10,647369.6226354,6864116.8926555
690,75116,PARIS 16E ARRONDISSEMENT,6377,751166377,BOIS DE BOULOGNE,D,,0,646259.9169422,6864027.3262954
691,75116,PARIS 16E ARRONDISSEMENT,6401,751166401,CHAILLOT 1,H,,6,648462.4365560,6863007.9260538
692,75116,PARIS 16E ARRONDISSEMENT,6402,751166402,CHAILLOT 2,H,,20,648319.0363557,6863256.4990728
693,75116,PARIS 16E ARRONDISSEMENT,6403,751166403,CHAILLOT 3,H,,16,648006.7969891,6863142.7301695
694,75116,PARIS 16E ARRONDISSEMENT,6404,751166404,CHAILLOT 4,H,,20,647800.9416341,6863167.6348116
695,75116,PARIS 16E ARRONDISSEMENT,6405,751166405,CHAILLOT 5,H,,5,647705.4321070,6863372.5958420
696,75116,PARIS 16E ARRONDISSEMENT,6406,751166406,CHAILLOT 6,H,,6,647736.0006695,6863630.6521063
697,75116,PARIS 16E ARRONDISSEMENT,6407,751166407,CHAILLOT 7,H,,11,647789.4072272,6864018.2200659
698,75116,PARIS 16E ARRONDISSEMENT,6409,751166409,CHAILLOT 9,H,,10,648028.7943198,6863759.8391305
699,75116,PARIS 16E ARRONDISSEMENT,6410,751166410,CHAILLOT 10,A,,1,648034.9775450,6862786.5848121
700,75116,PARIS 16E ARRONDISSEMENT,6411,751166411,CHAILLOT 11,A,,7,648367.4670256,6863715.0084162
701,75116,PARIS 16E ARRONDISSEMENT,6412,751166412,CHAILLOT 12,A,,8,648222.4082162,6863578.5707138
702,75116,PARIS 16E ARRONDISSEMENT,6413,751166413,CHAILLOT 13,A,,4,647549.3144232,6864262.9849637
703,75116,PARIS 16E ARRONDISSEMENT,6499,751166499,SEINE ET BERGES,D,,0,648352.4647481,6862724.9918309
704,75117,PARIS 17E ARRONDISSEMENT,6501,751176501,TERNES 1,H,,19,648214.9876671,6864255.3764893
705,75117,PARIS 17E ARRONDISSEMENT,6502,751176502,TERNES 2,H,,3,647816.6836496,6864347.3259294
706,75117,PARIS 17E ARRONDISSEMENT,6503,751176503,TERNES 3,H,,11,648057.9511864,6864465.8819724
707,75117,PARIS 17E ARRONDISSEMENT,6504,751176504,TERNES 4,H,,5,647687.7267508,6864545.2335412
708,75117,PARIS 17E ARRONDISSEMENT,6505,751176505,TERNES 5,H,,1,647587.6123226,6865145.0125812
709,75117,PARIS 17E ARRONDISSEMENT,6506,751176506,TERNES 6,H,,5,647584.6968554,6864961.4208198
710,75117,PARIS 17E ARRONDISSEMENT,6507,751176507,TERNES 7,H,,15,647730.1396815,6864824.4569653
711,75117,PARIS 17E ARRONDISSEMENT,6508,751176508,TERNES 8,H,,20,648079.5120015,6864786.1540215
712,75117,PARIS 17E ARRONDISSEMENT,6509,751176509,TERNES 9,H,,19,648185.5976728,6864666.1982571
713,75117,PARIS 17E ARRONDISSEMENT,6510,751176510,TERNES 10,H,,6,648447.2505116,6864579.1540130
714,75117,PARIS 17E ARRONDISSEMENT,6511,751176511,TERNES 11,H,,0,648474.1995607,6864781.9482800
715,75117,PARIS 17E ARRONDISSEMENT,6512,751176512,TERNES 12,H,,10,648212.8771860,6865103.2550584
716,75117,PARIS 17E ARRONDISSEMENT,6513,751176513,TERNES 13,H,,5,648042.3517361,6865068.1321667
717,75117,PARIS 17E ARRONDISSEMENT,6514,751176514,TERNES 14,H,,11,647908.4814799,6864951.9168810
718,75117,PARIS 17E ARRONDISSEMENT,6515,751176515,TERNES 15,H,,8,647929.3658095,6865282.7639386
719,75117,PARIS 17E ARRONDISSEMENT,6516,751176516,TERNES 16,A,,0,647437.9654386,6864587.7272811
720,75117,PARIS 17E ARRONDISSEMENT,6601,751176601,PLAINE MONCEAU 1,H,,20,649667.5428793,6864890.0098608
721,75117,PARIS 17E ARRONDISSEMENT,6602,751176602,PLAINE MONCEAU 2,H,,10,649416.7853366,6865102.2247270
722,75117,PARIS 17E ARRONDISSEMENT,6603,751176603,PLAINE MONCEAU 3,H,,6,649221.8883688,6864938.7018416
723,75117,PARIS 17E ARRONDISSEMENT,6604,751176604,PLAINE MONCEAU 4,H,,8,649034.1948053,6864732.0292189
724,75117,PARIS 17E ARRONDISSEMENT,6605,751176605,PLAINE MONCEAU 5,H,,0,648847.5464965,6864831.6573589
725,75117,PARIS 17E ARRONDISSEMENT,6606,751176606,PLAINE MONCEAU 6,H,,7,648717.8634860,6864681.8260837
726,75117,PARIS 17E ARRONDISSEMENT,6607,751176607,PLAINE MONCEAU 7,H,,2,648534.4941527,6864978.5513530
727,75117,PARIS 17E ARRONDISSEMENT,6608,751176608,PLAINE MONCEAU 8,H,,1,648686.5463387,6865023.0401016
728,75117,PARIS 17E ARRONDISSEMENT,6609,751176609,PLAINE MONCEAU 9,H,,10,648781.3132759,6865191.7041329
729,75117,PARIS 17E ARRONDISSEMENT,6610,751176610,PLAINE MONCEAU 10,H,,11,649001.1790489,6865301.3843617
730,75117,PARIS 17E ARRONDISSEMENT,6611,751176611,PLAINE MONCEAU 11,H,,20,649137.9503863,6865474.9737223
731,75117,PARIS 17E ARRONDISSEMENT,6612,751176612,PLAINE MONCEAU 12,H,,12,648750.3512923,6865499.1418674
732,75117,PARIS 17E ARRONDISSEMENT,6613,751176613,PLAINE MONCEAU 13,H,,14,648368.8510519,6865240.4830508
733,75117,PARIS 17E ARRONDISSEMENT,6614,751176614,PLAINE MONCEAU 14,H,,14,648373.1240801,6865473.1451474
734,75117,PARIS 17E ARRONDISSEMENT,6615,751176615,PLAINE MONCEAU 15,H,,21,648743.9668458,6865726.4941829
735,75117,PARIS 17E ARRONDISSEMENT,6616,751176616,PLAINE MONCEAU 16,H,,7,648442.7048550,6865754.7411476
736,75117,PARIS 17E ARRONDISSEMENT,6701,751176701,BATIGNOLLES 1,H,,8,650530.2633116,6865322.8741931
737,75117,PARIS 17E ARRONDISSEMENT,6702,751176702,BATIGNOLLES 2,H,,10,650370.4983030,6865036.7037221
738,75117,PARIS 17E ARRONDISSEMENT,6703,751176703,BATIGNOLLES 3,H,,8,650347.9863411,6865377.4595694
739,75117,PARIS 17E ARRONDISSEMENT,6704,751176704,BATIGNOLLES 4,H,,10,650295.1828480,6865308.8684689
740,75117,PARIS 17E ARRONDISSEMENT,6705,751176705,BATIGNOLLES 5,H,,10,650199.0138889,6865273.8092978
741,75117,PARIS 17E ARRONDISSEMENT,6706,751176706,BATIGNOLLES 6,H,,12,650087.7883165,6865188.5043542
742,75117,PARIS 17E ARRONDISSEMENT,6707,751176707,BATIGNOLLES 7,H,,17,649987.0260769,6864907.1873848
743,75117,PARIS 17E ARRONDISSEMENT,6708,751176708,BATIGNOLLES 8,H,,12,649937.0017261,6865122.2522656
744,75117,PARIS 17E ARRONDISSEMENT,6709,751176709,BATIGNOLLES 9,H,,19,649808.4046012,6865042.4870512
745,75117,PARIS 17E ARRONDISSEMENT,6710,751176710,BATIGNOLLES 10,H,,3,649600.7504071,6865264.2317454
746,75117,PARIS 17E ARRONDISSEMENT,6711,751176711,BATIGNOLLES 11,H,,3,649760.9201574,6865351.8418840
747,75117,PARIS 17E ARRONDISSEMENT,6712,751176712,BATIGNOLLES 12,H,,13,649900.3790797,6865497.8515707
748,75117,PARIS 17E ARRONDISSEMENT,6713,751176713,BATIGNOLLES 13,H,,18,650051.0024770,6865610.6720252
749,75117,PARIS 17E ARRONDISSEMENT,6714,751176714,BATIGNOLLES 14,H,,9,649351.2645724,6865982.6453299
750,75117,PARIS 17E ARRONDISSEMENT,6715,751176715,BATIGNOLLES 15,H,,4,649438.2794661,6865452.6487115
751,75117,PARIS 17E ARRONDISSEMENT,6716,751176716,BATIGNOLLES 16,H,,3,649218.7084723,6865626.3668163
752,75117,PARIS 17E ARRONDISSEMENT,6801,751176801,EPINETTES 1,H,,18,650504.2262046,6865693.9776274
753,75117,PARIS 17E ARRONDISSEMENT,6802,751176802,EPINETTES 2,H,,21,650287.4399268,6865606.7753198
754,75117,PARIS 17E ARRONDISSEMENT,6803,751176803,EPINETTES 3,H,,26,650370.4889386,6865818.5497686
755,75117,PARIS 17E ARRONDISSEMENT,6804,751176804,EPINETTES 4,H,,6,650544.9813503,6865970.0874042
756,75117,PARIS 17E ARRONDISSEMENT,6805,751176805,EPINETTES 5,H,,20,650226.7879562,6865889.2794376
757,75117,PARIS 17E ARRONDISSEMENT,6806,751176806,EPINETTES 6,H,,40,649867.8615792,6865972.6589049
758,75117,PARIS 17E ARRONDISSEMENT,6807,751176807,EPINETTES 7,H,,31,650185.3361510,6866066.3214971
759,75117,PARIS 17E ARRONDISSEMENT,6808,751176808,EPINETTES 8,H,,4,650430.1560438,6866079.0839419
760,75117,PARIS 17E ARRONDISSEMENT,6809,751176809,EPINETTES 9,H,,2,650679.7544151,6866343.8586624
761,75117,PARIS 17E ARRONDISSEMENT,6810,751176810,EPINETTES 10,H,,2,650491.5747084,6866276.9931959
762,75117,PARIS 17E ARRONDISSEMENT,6811,751176811,EPINETTES 11,H,,3,650325.0938249,6866307.1504041
763,75117,PARIS 17E ARRONDISSEMENT,6812,751176812,EPINETTES 12,H,,18,650069.1666773,6866121.4492938
764,75117,PARIS 17E ARRONDISSEMENT,6813,751176813,EPINETTES 13,H,,44,649899.6092365,6866212.8202127
765,75117,PARIS 17E ARRONDISSEMENT,6814,751176814,EPINETTES 14,H,,8,650149.7016398,6866419.5724246
766,75117,PARIS 17E ARRONDISSEMENT,6815,751176815,EPINETTES 15,H,,1,650507.6684667,6866507.2765944
767,75117,PARIS 17E ARRONDISSEMENT,6816,751176816,EPINETTES 16,H,,4,650196.4815952,6866571.4714820
768,75117,PARIS 17E ARRONDISSEMENT,6817,751176817,EPINETTES 17,H,,0,650142.6496336,6866741.2858633
769,75118,PARIS 18E ARRONDISSEMENT,6901,751186901,GRANDES CARRIERES 1,H,,15,651380.1489075,6865093.4223117
770,75118,PARIS 18E ARRONDISSEMENT,6902,751186902,GRANDES CARRIERES 2,H,,8,651230.6576060,6865096.0103788
771,75118,PARIS 18E ARRONDISSEMENT,6903,751186903,GRANDES CARRIERES 3,H,,10,651035.2238175,6865219.8153463
772,75118,PARIS 18E ARRONDISSEMENT,6904,751186904,GRANDES CARRIERES 4,H,,6,650834.9745856,6865411.0180524
773,75118,PARIS 18E ARRONDISSEMENT,6905,751186905,GRANDES CARRIERES 5,H,,5,650643.0274170,6865504.5583668
774,75118,PARIS 18E ARRONDISSEMENT,6906,751186906,GRANDES CARRIERES 6,H,,5,650709.6964732,6865786.4992290
775,75118,PARIS 18E ARRONDISSEMENT,6907,751186907,GRANDES CARRIERES 7,H,,7,650998.9135137,6865746.7456506
776,75118,PARIS 18E ARRONDISSEMENT,6908,751186908,GRANDES CARRIERES 8,H,,24,651236.8479325,6865344.2029359
777,75118,PARIS 18E ARRONDISSEMENT,6909,751186909,GRANDES CARRIERES 9,H,,11,651304.6895084,6865420.6417525
778,75118,PARIS 18E ARRONDISSEMENT,6910,751186910,GRANDES CARRIERES 10,H,,4,651207.5927306,6865656.0598856
779,75118,PARIS 18E ARRONDISSEMENT,6911,751186911,GRANDES CARRIERES 11,H,,10,651441.7454947,6865569.3999338
780,75118,PARIS 18E ARRONDISSEMENT,6912,751186912,GRANDES CARRIERES 12,H,,13,651489.2923573,6865781.1991519
781,75118,PARIS 18E ARRONDISSEMENT,6913,751186913,GRANDES CARRIERES 13,H,,2,651349.7298383,6865863.5366463
782,75118,PARIS 18E ARRONDISSEMENT,6914,751186914,GRANDES CARRIERES 14,H,,3,651029.1052939,6865920.4874187
783,75118,PARIS 18E ARRONDISSEMENT,6915,751186915,GRANDES CARRIERES 15,H,,1,650762.5451281,6865987.7038486
784,75118,PARIS 18E ARRONDISSEMENT,6916,751186916,GRANDES CARRIERES 16,H,,0,650969.0678335,6866103.4766315
785,75118,PARIS 18E ARRONDISSEMENT,6917,751186917,GRANDES CARRIERES 17,H,,0,651193.1781261,6866077.9514317
786,75118,PARIS 18E ARRONDISSEMENT,6918,751186918,GRANDES CARRIERES 18,H,,3,651443.3528649,6866018.9039958
787,75118,PARIS 18E ARRONDISSEMENT,6919,751186919,GRANDES CARRIERES 19,H,,11,651530.9460803,6866252.7469962
788,75118,PARIS 18E ARRONDISSEMENT,6920,751186920,GRANDES CARRIERES 20,H,,0,651608.6570477,6866458.3562809
789,75118,PARIS 18E ARRONDISSEMENT,6921,751186921,GRANDES CARRIERES 21,H,,1,651279.8611408,6866243.5029809
790,75118,PARIS 18E ARRONDISSEMENT,6922,751186922,GRANDES CARRIERES 22,H,,5,651221.7703119,6866372.9995314
791,75118,PARIS 18E ARRONDISSEMENT,6923,751186923,GRANDES CARRIERES 23,H,,4,650861.0511547,6866262.7865134
792,75118,PARIS 18E ARRONDISSEMENT,6924,751186924,GRANDES CARRIERES 24,H,,5,650949.2077903,6866509.1411567
793,75118,PARIS 18E ARRONDISSEMENT,6925,751186925,GRANDES CARRIERES 25,H,,23,651419.8344104,6866555.6182476
794,75118,PARIS 18E ARRONDISSEMENT,6926,751186926,GRANDES CARRIERES 26,H,,4,651644.6056035,6866855.3690207
795,75118,PARIS 18E ARRONDISSEMENT,6927,751186927,GRANDES CARRIERES 27,H,,1,651522.2549366,6866706.7812005
796,75118,PARIS 18E ARRONDISSEMENT,6928,751186928,GRANDES CARRIERES 28,H,,5,651269.2758855,6866728.6189819
797,75118,PARIS 18E ARRONDISSEMENT,6929,751186929,GRANDES CARRIERES 29,A,,0,651028.3567953,6866806.1954240
798,75118,PARIS 18E ARRONDISSEMENT,7001,751187001,CLIGNANCOURT 1,H,,4,652217.4702389,6865255.1558710
799,75118,PARIS 18E ARRONDISSEMENT,7002,751187002,CLIGNANCOURT 2,H,,15,651910.5735086,6865051.3309063
800,75118,PARIS 18E ARRONDISSEMENT,7003,751187003,CLIGNANCOURT 3,H,,6,651594.3301233,6864962.1077201
801,75118,PARIS 18E ARRONDISSEMENT,7004,751187004,CLIGNANCOURT 4,H,,9,651562.8455094,6865151.4179547
802,75118,PARIS 18E ARRONDISSEMENT,7005,751187005,CLIGNANCOURT 5,H,,2,651729.3000070,6865252.8721385
803,75118,PARIS 18E ARRONDISSEMENT,7006,751187006,CLIGNANCOURT 6,H,,2,652059.4616773,6865271.8514491
804,75118,PARIS 18E ARRONDISSEMENT,7007,751187007,CLIGNANCOURT 7,H,,10,651914.3454784,6865397.2624833
805,75118,PARIS 18E ARRONDISSEMENT,7008,751187008,CLIGNANCOURT 8,H,,5,651675.1833202,6865574.9883898
806,75118,PARIS 18E ARRONDISSEMENT,7009,751187009,CLIGNANCOURT 9,H,,20,651922.9845561,6865559.8396100
807,75118,PARIS 18E ARRONDISSEMENT,7010,751187010,CLIGNANCOURT 10,H,,14,652115.0075178,6865700.2401672
808,75118,PARIS 18E ARRONDISSEMENT,7011,751187011,CLIGNANCOURT 11,H,,11,651934.7089797,6865766.3502505
809,75118,PARIS 18E ARRONDISSEMENT,7012,751187012,CLIGNANCOURT 12,H,,9,651740.8924634,6865808.8035602
810,75118,PARIS 18E ARRONDISSEMENT,7013,751187013,CLIGNANCOURT 13,H,,3,651743.4736142,6865979.6899097
811,75118,PARIS 18E ARRONDISSEMENT,7014,751187014,CLIGNANCOURT 14,H,,2,652149.4844254,6865842.4410077
812,75118,PARIS 18E ARRONDISSEMENT,7015,751187015,CLIGNANCOURT 15,H,,10,652026.0909076,6865927.8519139
813,75118,PARIS 18E ARRONDISSEMENT,7016,751187016,CLIGNANCOURT 16,H,,10,652263.0288807,6865695.6666366
814,75118,PARIS 18E ARRONDISSEMENT,7017,751187017,CLIGNANCOURT 17,H,,17,652371.4959874,6865627.0366385
815,75118,PARIS 18E ARRONDISSEMENT,7018,751187018,CLIGNANCOURT 18,H,,12,652449.7718589,6866060.1934977
816,75118,PARIS 18E ARRONDISSEMENT,7019,751187019,CLIGNANCOURT 19,H,,13,652362.7815263,6866172.8880206
817,75118,PARIS 18E ARRONDISSEMENT,7020,751187020,CLIGNANCOURT 20,H,,19,652207.3946176,6866263.1090482
818,75118,PARIS 18E ARRONDISSEMENT,7021,751187021,CLIGNANCOURT 21,H,,16,652093.8014509,6866120.9884405
819,75118,PARIS 18E ARRONDISSEMENT,7022,751187022,CLIGNANCOURT 22,H,,3,651808.9617193,6866145.6422808
820,75118,PARIS 18E ARRONDISSEMENT,7023,751187023,CLIGNANCOURT 23,H,,2,651769.7056242,6866287.2556565
821,75118,PARIS 18E ARRONDISSEMENT,7024,751187024,CLIGNANCOURT 24,H,,5,651930.2722132,6866313.1691808
822,75118,PARIS 18E ARRONDISSEMENT,7025,751187025,CLIGNANCOURT 25,H,,7,651875.2194600,6866496.8874353
823,75118,PARIS 18E ARRONDISSEMENT,7026,751187026,CLIGNANCOURT 26,H,,8,652282.9660888,6866513.8357850
824,75118,PARIS 18E ARRONDISSEMENT,7027,751187027,CLIGNANCOURT 27,H,,4,652210.6021643,6866836.2272131
825,75118,PARIS 18E ARRONDISSEMENT,7101,751187101,GOUTTE D'OR 1,H,,9,652921.7223184,6865379.8124384
826,75118,PARIS 18E ARRONDISSEMENT,7102,751187102,GOUTTE D'OR 2,H,,5,652524.0512719,6865135.3766680
827,75118,PARIS 18E ARRONDISSEMENT,7103,751187103,GOUTTE D'OR 3,H,,5,652451.4284407,6865297.3784484
828,75118,PARIS 18E ARRONDISSEMENT,7104,751187104,GOUTTE D'OR 4,H,,7,652686.2786675,6865304.6736100
829,75118,PARIS 18E ARRONDISSEMENT,7105,751187105,GOUTTE D'OR 5,H,,2,652692.4806956,6865509.0671694
830,75118,PARIS 18E ARRONDISSEMENT,7106,751187106,GOUTTE D'OR 6,H,,7,652507.4534682,6865481.2957973
831,75118,PARIS 18E ARRONDISSEMENT,7107,751187107,GOUTTE D'OR 7,H,,15,652518.7014733,6865708.3120797
832,75118,PARIS 18E ARRONDISSEMENT,7108,751187108,GOUTTE D'OR 8,H,,7,652675.8091900,6865701.1964370
833,75118,PARIS 18E ARRONDISSEMENT,7109,751187109,GOUTTE D'OR 9,H,,2,652911.2801359,6865695.4815416
834,75118,PARIS 18E ARRONDISSEMENT,7110,751187110,GOUTTE D'OR 10,H,,8,652779.9281455,6866396.6932080
835,75118,PARIS 18E ARRONDISSEMENT,7201,751187201,CHAPELLE 1,H,,3,653383.9394066,6865429.9429970
836,75118,PARIS 18E ARRONDISSEMENT,7202,751187202,CHAPELLE 2,H,,9,653088.9555648,6865350.8717899
837,75118,PARIS 18E ARRONDISSEMENT,7203,751187203,CHAPELLE 3,H,,1,653178.2087560,6865609.0948771
838,75118,PARIS 18E ARRONDISSEMENT,7204,751187204,CHAPELLE 4,H,,15,653223.9466881,6865870.7699450
839,75118,PARIS 18E ARRONDISSEMENT,7205,751187205,CHAPELLE 5,H,,20,653142.2255110,6866079.2660119
840,75118,PARIS 18E ARRONDISSEMENT,7206,751187206,CHAPELLE 6,H,,6,653284.5089865,6866241.0837838
841,75118,PARIS 18E ARRONDISSEMENT,7207,751187207,CHAPELLE 7,H,,9,653570.6844017,6866002.6630733
842,75118,PARIS 18E ARRONDISSEMENT,7208,751187208,CHAPELLE 8,H,,5,653443.1475437,6866496.0078720
843,75118,PARIS 18E ARRONDISSEMENT,7209,751187209,CHAPELLE 9,H,,0,653422.6007952,6866870.4106354
844,75119,PARIS 19E ARRONDISSEMENT,7301,751197301,VILLETTE 1,H,,8,653936.5955438,6864769.1445353
845,75119,PARIS 19E ARRONDISSEMENT,7302,751197302,VILLETTE 2,H,,16,654247.2596051,6865049.8275812
846,75119,PARIS 19E ARRONDISSEMENT,7303,751197303,VILLETTE 3,H,,6,654183.5776036,6865149.1714150
847,75119,PARIS 19E ARRONDISSEMENT,7304,751197304,VILLETTE 4,H,,8,654505.8192981,6865326.6836257
848,75119,PARIS 19E ARRONDISSEMENT,7305,751197305,VILLETTE 5,H,,7,654046.9468272,6865365.2019553
849,75119,PARIS 19E ARRONDISSEMENT,7306,751197306,VILLETTE 6,H,,0,653918.7421136,6865457.9280003
850,75119,PARIS 19E ARRONDISSEMENT,7307,751197307,VILLETTE 7,H,,17,653593.5218722,6865232.2133483
851,75119,PARIS 19E ARRONDISSEMENT,7308,751197308,VILLETTE 8,H,,16,653733.6292699,6865538.4247388
852,75119,PARIS 19E ARRONDISSEMENT,7309,751197309,VILLETTE 9,H,,3,653833.0703597,6865848.0811319
853,75119,PARIS 19E ARRONDISSEMENT,7310,751197310,VILLETTE 10,H,,12,654080.6256647,6865723.1017257
854,75119,PARIS 19E ARRONDISSEMENT,7311,751197311,VILLETTE 11,H,,3,654294.5276293,6865624.1547430
855,75119,PARIS 19E ARRONDISSEMENT,7312,751197312,VILLETTE 12,H,,1,654756.2507865,6865398.5936502
856,75119,PARIS 19E ARRONDISSEMENT,7313,751197313,VILLETTE 13,H,,0,654686.4380463,6865557.5601789
857,75119,PARIS 19E ARRONDISSEMENT,7314,751197314,VILLETTE 14,H,,0,654510.6740893,6865775.7660073
858,75119,PARIS 19E ARRONDISSEMENT,7315,751197315,VILLETTE 15,H,,4,654319.8646515,6865961.8488686
859,75119,PARIS 19E ARRONDISSEMENT,7316,751197316,VILLETTE 16,H,,13,654131.2622911,6865979.8600853
860,75119,PARIS 19E ARRONDISSEMENT,7317,751197317,VILLETTE 17,H,,15,653915.1926018,6866105.3880001
861,75119,PARIS 19E ARRONDISSEMENT,7318,751197318,VILLETTE 18,A,,5,653744.6539981,6865222.4835361
862,75119,PARIS 19E ARRONDISSEMENT,7388,751197388,BASSIN DE LA VILLETTE,D,,1,654166.3616262,6865304.7306256
863,75119,PARIS 19E ARRONDISSEMENT,7401,751197401,PONT DE FLANDRE 1,H,,3,655303.5553851,6866558.1944224
864,75119,PARIS 19E ARRONDISSEMENT,7402,751197402,PONT DE FLANDRE 2,H,,0,654966.3717416,6865586.5879955
865,75119,PARIS 19E ARRONDISSEMENT,7403,751197403,PONT DE FLANDRE 3,H,,3,654850.3053723,6866001.8871982
866,75119,PARIS 19E ARRONDISSEMENT,7404,751197404,PONT DE FLANDRE 4,H,,1,654650.1805503,6865907.8806405
867,75119,PARIS 19E ARRONDISSEMENT,7405,751197405,PONT DE FLANDRE 5,H,,13,654725.0266201,6866125.1841296
868,75119,PARIS 19E ARRONDISSEMENT,7406,751197406,PONT DE FLANDRE 6,H,,3,654486.1443392,6866168.7244480
869,75119,PARIS 19E ARRONDISSEMENT,7407,751197407,PONT DE FLANDRE 7,H,,9,654533.0461517,6866325.6735370
870,75119,PARIS 19E ARRONDISSEMENT,7408,751197408,PONT DE FLANDRE 8,H,,5,654235.2483282,6866262.2463081
871,75119,PARIS 19E ARRONDISSEMENT,7409,751197409,PONT DE FLANDRE 9,H,,4,654047.3381541,6866293.9560650
872,75119,PARIS 19E ARRONDISSEMENT,7410,751197410,PONT DE FLANDRE 10,H,,0,654211.4398131,6866879.0669612
873,75119,PARIS 19E ARRONDISSEMENT,7411,751197411,PONT DE FLANDRE 11,H,,0,655166.0274680,6865716.0268438
874,75119,PARIS 19E ARRONDISSEMENT,7412,751197412,PONT DE FLANDRE 12,A,,1,655321.4597345,6866149.0113908
875,75119,PARIS 19E ARRONDISSEMENT,7413,751197413,PONT DE FLANDRE 13,A,,1,654282.1929888,6866552.4292846
876,75119,PARIS 19E ARRONDISSEMENT,7488,751197488,CANAL ST-DENIS,D,,1,654857.7265234,6866310.5030408
877,75119,PARIS 19E ARRONDISSEMENT,7501,751197501,AMERIQUE 1,H,,3,656262.6165579,6864314.9527058
878,75119,PARIS 19E ARRONDISSEMENT,7502,751197502,AMERIQUE 2,H,,8,656058.1786378,6864273.0901674
879,75119,PARIS 19E ARRONDISSEMENT,7503,751197503,AMERIQUE 3,H,,14,655914.5324592,6864282.1704508
880,75119,PARIS 19E ARRONDISSEMENT,7504,751197504,AMERIQUE 4,H,,4,655743.4092502,6864227.2245548
881,75119,PARIS 19E ARRONDISSEMENT,7505,751197505,AMERIQUE 5,H,,1,655541.9518324,6864215.4201565
882,75119,PARIS 19E ARRONDISSEMENT,7506,751197506,AMERIQUE 6,H,,20,655236.3278235,6864147.8043149
883,75119,PARIS 19E ARRONDISSEMENT,7507,751197507,AMERIQUE 7,H,,10,655168.1755923,6864360.5664721
884,75119,PARIS 19E ARRONDISSEMENT,7508,751197508,AMERIQUE 8,H,,13,655301.4979251,6864391.0727489
885,75119,PARIS 19E ARRONDISSEMENT,7509,751197509,AMERIQUE 9,H,,3,655415.7179882,6864414.1178930
886,75119,PARIS 19E ARRONDISSEMENT,7510,751197510,AMERIQUE 10,H,,0,655603.4192013,6864483.1483187
887,75119,PARIS 19E ARRONDISSEMENT,7511,751197511,AMERIQUE 11,H,,0,655794.5071898,6864509.4607012
888,75119,PARIS 19E ARRONDISSEMENT,7512,751197512,AMERIQUE 12,H,,3,655971.0931463,6864526.2850377
889,75119,PARIS 19E ARRONDISSEMENT,7513,751197513,AMERIQUE 13,H,,1,655800.7483543,6864822.6770095
890,75119,PARIS 19E ARRONDISSEMENT,7514,751197514,AMERIQUE 14,H,,55,655424.5192410,6864723.0472160
891,75119,PARIS 19E ARRONDISSEMENT,7515,751197515,AMERIQUE 15,H,,7,655107.4686472,6864798.1573637
892,75119,PARIS 19E ARRONDISSEMENT,7516,751197516,AMERIQUE 16,H,,10,655337.3217299,6864958.0158688
893,75119,PARIS 19E ARRONDISSEMENT,7517,751197517,AMERIQUE 17,H,,2,655515.5730395,6865079.4877237
894,75119,PARIS 19E ARRONDISSEMENT,7518,751197518,AMERIQUE 18,H,,0,655670.5097495,6865218.1484932
895,75119,PARIS 19E ARRONDISSEMENT,7519,751197519,AMERIQUE 19,H,,6,656052.9987265,6865055.0850922
896,75119,PARIS 19E ARRONDISSEMENT,7520,751197520,AMERIQUE 20,H,,2,655479.1922795,6865356.1217482
897,75119,PARIS 19E ARRONDISSEMENT,7521,751197521,AMERIQUE 21,H,,5,655392.0382110,6865428.0194173
898,75119,PARIS 19E ARRONDISSEMENT,7522,751197522,AMERIQUE 22,H,,0,655155.2125170,6865229.0354005
899,75119,PARIS 19E ARRONDISSEMENT,7523,751197523,AMERIQUE 23,H,,2,654975.6316455,6865086.2971212
900,75119,PARIS 19E ARRONDISSEMENT,7524,751197524,AMERIQUE 24,H,,2,654873.4173066,6865256.8573589
901,75119,PARIS 19E ARRONDISSEMENT,7525,751197525,AMERIQUE 25,A,,0,656334.7464660,6864530.9784788
902,75119,PARIS 19E ARRONDISSEMENT,7601,751197601,COMBAT 1,H,,9,654935.9816690,6864128.4334147
903,75119,PARIS 19E ARRONDISSEMENT,7602,751197602,COMBAT 2,H,,22,654909.7132064,6864396.5886427
904,75119,PARIS 19E ARRONDISSEMENT,7603,751197603,COMBAT 3,H,,7,654743.0826145,6864141.2180444
905,75119,PARIS 19E ARRONDISSEMENT,7604,751197604,COMBAT 4,H,,9,654603.9650107,6864063.8229939
906,75119,PARIS 19E ARRONDISSEMENT,7605,751197605,COMBAT 5,H,,6,654540.2391834,6863922.7961594
907,75119,PARIS 19E ARRONDISSEMENT,7606,751197606,COMBAT 6,H,,7,654311.2338321,6863871.6083783
908,75119,PARIS 19E ARRONDISSEMENT,7607,751197607,COMBAT 7,H,,1,654329.1270777,6864082.1313941
909,75119,PARIS 19E ARRONDISSEMENT,7608,751197608,COMBAT 8,H,,2,654132.9379434,6864128.3944267
910,75119,PARIS 19E ARRONDISSEMENT,7609,751197609,COMBAT 9,H,,22,654272.0246662,6864338.7609392
911,75119,PARIS 19E ARRONDISSEMENT,7610,751197610,COMBAT 10,H,,6,653978.9879914,6864341.5223110
912,75119,PARIS 19E ARRONDISSEMENT,7611,751197611,COMBAT 11,H,,10,654004.2568894,6864547.8127864
913,75119,PARIS 19E ARRONDISSEMENT,7612,751197612,COMBAT 12,H,,8,654322.9690224,6864597.2249651
914,75119,PARIS 19E ARRONDISSEMENT,7613,751197613,COMBAT 13,H,,10,654311.9724365,6864795.9117567
915,75119,PARIS 19E ARRONDISSEMENT,7614,751197614,COMBAT 14,H,,7,654455.9922449,6864995.7097763
916,75119,PARIS 19E ARRONDISSEMENT,7615,751197615,COMBAT 15,H,,11,654695.3210479,6865055.4465541
917,75119,PARIS 19E ARRONDISSEMENT,7616,751197616,COMBAT 16,H,,5,654729.6858162,6865072.2152571
918,75119,PARIS 19E ARRONDISSEMENT,7617,751197617,BUTTES CHAUMONT,D,,0,654743.2486239,6864613.9117241
919,75120,PARIS 20E ARRONDISSEMENT,7701,751207701,BELLEVILLE 1,H,,23,655573.0078344,6863660.6491335
920,75120,PARIS 20E ARRONDISSEMENT,7702,751207702,BELLEVILLE 2,H,,22,655369.6890254,6863618.1076022
921,75120,PARIS 20E ARRONDISSEMENT,7703,751207703,BELLEVILLE 3,H,,21,655275.6407290,6863548.5958086
922,75120,PARIS 20E ARRONDISSEMENT,7704,751207704,BELLEVILLE 4,H,,24,655126.0629441,6863661.5977403
923,75120,PARIS 20E ARRONDISSEMENT,7705,751207705,BELLEVILLE 5,H,,7,655034.3160118,6863467.5596648
924,75120,PARIS 20E ARRONDISSEMENT,7706,751207706,BELLEVILLE 6,H,,10,654978.2283263,6863316.0353571
925,75120,PARIS 20E ARRONDISSEMENT,7707,751207707,BELLEVILLE 7,H,,27,654759.4344435,6863390.4505255
926,75120,PARIS 20E ARRONDISSEMENT,7708,751207708,BELLEVILLE 8,H,,53,654614.7525117,6863547.0956799
927,75120,PARIS 20E ARRONDISSEMENT,7709,751207709,BELLEVILLE 9,H,,12,654448.8074899,6863706.5064397
928,75120,PARIS 20E ARRONDISSEMENT,7710,751207710,BELLEVILLE 10,H,,19,654761.4463162,6863706.2092160
929,75120,PARIS 20E ARRONDISSEMENT,7711,751207711,BELLEVILLE 11,H,,5,654979.9392705,6863823.7592413
930,75120,PARIS 20E ARRONDISSEMENT,7712,751207712,BELLEVILLE 12,H,,13,655238.2915416,6863992.7440351
931,75120,PARIS 20E ARRONDISSEMENT,7713,751207713,BELLEVILLE 13,H,,8,655415.9853087,6863837.2310750
932,75120,PARIS 20E ARRONDISSEMENT,7714,751207714,BELLEVILLE 14,H,,11,655580.8806101,6863952.7218176
933,75120,PARIS 20E ARRONDISSEMENT,7801,751207801,SAINT-FARGEAU 1,H,,4,656790.2794085,6863705.8772755
934,75120,PARIS 20E ARRONDISSEMENT,7802,751207802,SAINT-FARGEAU 2,H,,6,656476.5686869,6862926.0140230
935,75120,PARIS 20E ARRONDISSEMENT,7803,751207803,SAINT-FARGEAU 3,H,,5,656728.0927766,6863213.9459048
936,75120,PARIS 20E ARRONDISSEMENT,7804,751207804,SAINT-FARGEAU 4,H,,1,656698.0149051,6863432.1676810
937,75120,PARIS 20E ARRONDISSEMENT,7805,751207805,SAINT-FARGEAU 5,H,,5,656516.2116846,6863340.0900194
938,75120,PARIS 20E ARRONDISSEMENT,7806,751207806,SAINT-FARGEAU 6,H,,4,656310.4593564,6863143.1026243
939,75120,PARIS 20E ARRONDISSEMENT,7807,751207807,SAINT-FARGEAU 7,H,,1,656239.3320665,6863410.0806707
940,75120,PARIS 20E ARRONDISSEMENT,7808,751207808,SAINT-FARGEAU 8,H,,0,656108.9192373,6863536.5113944
941,75120,PARIS 20E ARRONDISSEMENT,7809,751207809,SAINT-FARGEAU 9,H,,8,656468.9227415,6863793.6747663
942,75120,PARIS 20E ARRONDISSEMENT,7810,751207810,SAINT-FARGEAU 10,H,,5,656318.2736128,6864135.5082559
943,75120,PARIS 20E ARRONDISSEMENT,7811,751207811,SAINT-FARGEAU 11,H,,13,656305.6434181,6863919.4605593
944,75120,PARIS 20E ARRONDISSEMENT,7812,751207812,SAINT-FARGEAU 12,H,,8,656195.5449546,6863788.5598622
945,75120,PARIS 20E ARRONDISSEMENT,7813,751207813,SAINT-FARGEAU 13,H,,6,656041.9110469,6863738.2741755
946,75120,PARIS 20E ARRONDISSEMENT,7814,751207814,SAINT-FARGEAU 14,H,,4,656059.5566071,6863993.2613282
947,75120,PARIS 20E ARRONDISSEMENT,7815,751207815,SAINT-FARGEAU 15,H,,37,655807.3639553,6863650.2235545
948,75120,PARIS 20E ARRONDISSEMENT,7816,751207816,SAINT-FARGEAU 16,H,,16,655804.5746340,6863941.2177491
949,75120,PARIS 20E ARRONDISSEMENT,7901,751207901,PERE LACHAISE 1,H,,7,656196.6657970,6862764.6142080
950,75120,PARIS 20E ARRONDISSEMENT,7902,751207902,PERE LACHAISE 2,H,,0,656167.0706991,6862480.0480447
951,75120,PARIS 20E ARRONDISSEMENT,7903,751207903,PERE LACHAISE 3,H,,9,656069.0218112,6862697.5922678
952,75120,PARIS 20E ARRONDISSEMENT,7904,751207904,PERE LACHAISE 4,H,,19,655859.4046969,6862773.9326792
953,75120,PARIS 20E ARRONDISSEMENT,7905,751207905,PERE LACHAISE 5,H,,8,655582.3234237,6862449.8414401
954,75120,PARIS 20E ARRONDISSEMENT,7906,751207906,PERE LACHAISE 6,H,,7,654988.6868002,6862954.0749367
955,75120,PARIS 20E ARRONDISSEMENT,7907,751207907,PERE LACHAISE 7,H,,31,655024.2191118,6863206.5851324
956,75120,PARIS 20E ARRONDISSEMENT,7908,751207908,PERE LACHAISE 8,H,,15,655143.2869571,6862997.9264964
957,75120,PARIS 20E ARRONDISSEMENT,7909,751207909,PERE LACHAISE 9,H,,6,655417.5513380,6862894.7662951
958,75120,PARIS 20E ARRONDISSEMENT,7910,751207910,PERE LACHAISE 10,H,,16,655338.0383778,6863050.4255667
959,75120,PARIS 20E ARRONDISSEMENT,7911,751207911,PERE LACHAISE 11,H,,6,655408.1843182,6863316.4200318
960,75120,PARIS 20E ARRONDISSEMENT,7912,751207912,PERE LACHAISE 12,H,,13,655579.0229853,6863247.7779392
961,75120,PARIS 20E ARRONDISSEMENT,7913,751207913,PERE LACHAISE 13,H,,15,655718.1811226,6863041.0623219
962,75120,PARIS 20E ARRONDISSEMENT,7914,751207914,PERE LACHAISE 14,H,,6,655917.0281077,6863132.8226342
963,75120,PARIS 20E ARRONDISSEMENT,7915,751207915,PERE LACHAISE 15,H,,8,655806.9619464,6863313.9219992
964,75120,PARIS 20E ARRONDISSEMENT,7916,751207916,PERE LACHAISE 16,H,,1,655872.5327077,6863437.0314470
965,75120,PARIS 20E ARRONDISSEMENT,7917,751207917,PERE LACHAISE 17,A,,0,656078.4956837,6863043.5080987
966,75120,PARIS 20E ARRONDISSEMENT,8001,751208001,CHARONNE 1,H,,15,656980.6769728,6861047.4339284
967,75120,PARIS 20E ARRONDISSEMENT,8002,751208002,CHARONNE 2,H,,8,656591.4653339,6861137.3206846
968,75120,PARIS 20E ARRONDISSEMENT,8003,751208003,CHARONNE 3,H,,10,656248.1477572,6861139.6256067
969,75120,PARIS 20E ARRONDISSEMENT,8004,751208004,CHARONNE 4,H,,8,656024.4078885,6861259.8656026
970,75120,PARIS 20E ARRONDISSEMENT,8005,751208005,CHARONNE 5,H,,7,656089.7795418,6861429.6096896
971,75120,PARIS 20E ARRONDISSEMENT,8006,751208006,CHARONNE 6,H,,11,656305.6118568,6861398.8680626
972,75120,PARIS 20E ARRONDISSEMENT,8007,751208007,CHARONNE 7,H,,18,656640.7033995,6861424.0974253
973,75120,PARIS 20E ARRONDISSEMENT,8008,751208008,CHARONNE 8,H,,29,656954.0721385,6861431.7249834
974,75120,PARIS 20E ARRONDISSEMENT,8009,751208009,CHARONNE 9,H,,7,656913.3107125,6861887.2356967
975,75120,PARIS 20E ARRONDISSEMENT,8010,751208010,CHARONNE 10,H,,9,656671.5743346,6861829.1683737
976,75120,PARIS 20E ARRONDISSEMENT,8011,751208011,CHARONNE 11,H,,3,656532.4431251,6862003.2720080
977,75120,PARIS 20E ARRONDISSEMENT,8012,751208012,CHARONNE 12,H,,7,656501.5094722,6861761.6415214
978,75120,PARIS 20E ARRONDISSEMENT,8013,751208013,CHARONNE 13,H,,9,656304.4638194,6861717.9014620
979,75120,PARIS 20E ARRONDISSEMENT,8014,751208014,CHARONNE 14,H,,11,656107.6140450,6861562.0281435
980,75120,PARIS 20E ARRONDISSEMENT,8015,751208015,CHARONNE 15,H,,21,655963.7947132,6861630.2515350
981,75120,PARIS 20E ARRONDISSEMENT,8016,751208016,CHARONNE 16,H,,16,655880.3797020,6861760.0458363
982,75120,PARIS 20E ARRONDISSEMENT,8017,751208017,CHARONNE 17,H,,6,656192.7781467,6861925.4663790
983,75120,PARIS 20E ARRONDISSEMENT,8018,751208018,CHARONNE 18,H,,0,656390.7524993,6862104.1345779
984,75120,PARIS 20E ARRONDISSEMENT,8019,751208019,CHARONNE 19,H,,3,656596.8897624,6862215.9650846
985,75120,PARIS 20E ARRONDISSEMENT,8020,751208020,CHARONNE 20,H,,2,656752.1390125,6862241.7388095
986,75120,PARIS 20E ARRONDISSEMENT,8021,751208021,CHARONNE 21,H,,23,656856.1786449,6862574.3478330
987,75120,PARIS 20E ARRONDISSEMENT,8022,751208022,CHARONNE 22,H,,2,656554.0053358,6862585.8545011
988,75120,PARIS 20E ARRONDISSEMENT,8023,751208023,CHARONNE 23,H,,2,656338.7386937,6862337.5327582
989,75120,PARIS 20E ARRONDISSEMENT,8024,751208024,CHARONNE 24,H,,10,656094.7822076,6862111.1255532
990,75120,PARIS 20E ARRONDISSEMENT,8025,751208025,CHARONNE 25,H,,8,655906.5447197,6861971.8320226
991,75120,PARIS 20E ARRONDISSEMENT,8026,751208026,CHARONNE 26,H,,2,655719.4191940,6861907.4444083
