id,numpoints,X,Y
0,1,634386.81047258,6867648.3999228
1,1,625515.66078324,6848822.1464135
2,1,620192.85392797,6828712.1441395
3,5,634553.53386767,6867616.3088882
4,1,634616.44540267,6868031.8382866
5,7,619636.36745633,6862913.2802619
6,1,634480.97838743,6867689.6056801
7,1,619937.40787234,6858695.6963744
8,1,631523.32837100,6860620.2553917
9,1,620610.20272842,6879097.5556355
10,1,627101.60090652,6876777.8889422
11,1,626574.87087512,6858170.8929173
12,1,630424.94596989,6867506.3724719
13,1,614136.97831876,6824597.4808649
14,1,636627.17478697,6860590.5379534
15,2,636566.58495388,6860680.6643225
16,1,613939.52353527,6824807.3630168
17,4,636538.78518135,6860399.7517324
18,1,621964.04754338,6851808.3568360
19,1,614046.30485956,6824663.2268856
20,1,636724.08146602,6860091.2184663
21,2,636372.30794080,6860113.0070635
22,1,626709.96088023,6857912.3724396
23,2,636220.31846015,6860154.2283143
24,1,636540.94911878,6860067.6003036
25,1,621313.88727167,6867787.4828775
26,1,635293.94966146,6867348.1606204
27,2,620864.01786065,6868649.0529432
28,1,636284.36035364,6860896.6446497
29,2,636707.02285696,6860182.1972151
30,1,636310.12314381,6860296.5548429
31,3,636565.52626677,6860220.6968556
32,1,635586.42651364,6868229.0506088
33,2,636777.63843891,6860588.8398973
34,1,632905.03545845,6878338.8029464
35,1,633173.20806770,6867124.5504850
36,1,626744.01919091,6857928.7035892
37,1,633211.78687445,6867254.6497957
38,1,638344.71877220,6867486.1122211
39,1,626877.29746307,6857991.6560520
40,2,633196.35410114,6867202.9053964
41,1,626831.47722782,6857919.8008188
42,2,633429.68414698,6878544.2237747
43,4,629195.55983433,6852161.9227707
44,3,618423.00827083,6852374.5182924
45,1,635168.34164582,6866329.9230229
46,2,635748.52636592,6866013.8828103
47,2,618292.89627574,6853179.1894749
48,2,626904.99188750,6857707.7514993
49,1,625263.72432206,6876550.7720545
50,7,627731.24894563,6856289.6812423
51,1,616910.59799539,6877330.6823194
52,6,618637.99380778,6853085.3710127
53,1,633101.65505175,6867420.5733502
54,1,635600.71513248,6866188.4934902
55,1,629955.26493559,6852952.3308435
56,1,633416.46743692,6867066.9971183
57,1,633519.19136234,6864271.7476598
58,5,600212.42631582,6878002.9890668
59,10,624568.48179982,6852502.0675159
60,1,629735.14922432,6853039.9336537
61,1,636878.32546489,6858473.0295917
62,1,632853.94303757,6864469.6208904
63,1,629413.39779585,6853023.2285936
64,3,629044.98247253,6852199.5729098
65,1,627977.04942291,6856118.7779788
66,1,626128.04895335,6859623.9063807
67,1,625871.98549927,6859176.9952174
68,7,602840.55110583,6855097.6844670
69,1,639409.12506547,6870801.8605092
70,1,629912.62072565,6852836.4768421
71,2,621683.99041264,6851836.6635666
72,1,599952.32259819,6878122.6968113
73,1,626304.86680163,6859622.0909124
74,1,638864.48517420,6856382.6817218
75,1,620296.05821397,6868852.2028272
76,3,620314.15653884,6868691.7224201
77,2,638552.94557839,6856149.7885183
78,3,625576.76525720,6831607.4705041
79,1,626401.53418212,6858938.6987835
80,1,638897.79202144,6869771.7671062
81,1,633148.73732408,6864395.9902712
82,1,625801.81028949,6859310.9756040
83,3,640789.86080796,6868609.5240300
84,4,639935.52899020,6868952.0242665
85,9,639866.48885357,6868678.1048119
86,1,627759.72994103,6856336.0922957
87,1,639922.25613551,6868142.1360845
88,7,640739.56826188,6868389.3674193
89,5,600620.90833995,6878040.5496839
90,2,625786.97227846,6859397.3052331
91,2,625859.00035991,6859584.9069902
92,1,625878.93089505,6859292.4241719
93,2,638716.28532839,6870226.6511808
94,3,640112.01013652,6869024.9736549
95,1,638605.04288572,6869950.7275238
96,1,638945.61184878,6870299.0841010
97,1,626063.15335739,6859539.4320284
98,2,638854.47268621,6870371.6469957
99,2,638868.37840928,6870173.4117439
100,3,638794.80146202,6870238.5364919
101,1,626052.55934319,6859438.4179752
102,1,629843.60905065,6854205.4839644
103,5,625919.81999519,6859456.3014946
104,2,638815.47273395,6852461.5169032
105,2,627640.68648411,6875449.5120711
106,3,627743.98837417,6875584.9671878
107,3,635435.71356739,6865753.6033273
108,1,635537.64765617,6865598.4693533
109,1,629501.25436460,6853353.9922210
110,2,627908.88462615,6861268.4209090
111,3,619649.88232751,6877152.2057453
112,2,610146.27495504,6862812.2241405
113,4,631226.79553476,6872838.1069324
114,1,609963.34758727,6862812.7578686
115,6,616075.16608259,6869862.9570387
116,2,609862.64211549,6862951.8351113
117,1,609908.75002475,6863059.7562507
118,1,639715.76752144,6856081.1598412
119,2,638197.20225811,6865912.5167166
120,4,615579.05609917,6839897.1334931
121,5,633289.75940992,6864747.7279283
122,1,639824.34822048,6867841.1822716
123,7,637989.21945021,6865072.4274508
124,1,633307.46418586,6847467.8110232
125,2,639693.90830466,6867627.6251248
126,7,637915.86464963,6864987.4303139
127,1,621925.15433192,6851899.1002577
128,2,628732.04118287,6868132.8444895
129,2,638030.39592219,6865201.8620395
130,1,629269.47266271,6868002.9416359
131,1,639906.85304051,6867885.7694536
132,1,621814.25371436,6851649.1030724
133,1,639866.97535239,6867799.0673697
134,2,619874.45932512,6877504.6252777
135,3,628863.17375982,6867525.1975215
136,1,621811.05121885,6851695.2022088
137,1,615767.56133329,6839655.1874895
138,5,621956.39254699,6851669.0020950
139,1,599807.49115667,6858611.5063330
140,4,623337.41511827,6850576.7840113
141,4,623094.46658140,6850710.9888848
142,1,627543.24248249,6862602.6351149
143,2,637526.71639648,6864931.1454345
144,12,636716.39021811,6867683.6113365
145,4,637665.35628070,6864891.1988882
146,2,639538.01381856,6867988.7073365
147,1,610080.42148483,6863339.7488674
148,1,639663.03125334,6868458.2321235
149,4,635151.83132012,6867088.0132764
150,2,609091.76895120,6863165.6510027
151,1,634984.14158023,6866963.6406005
152,3,609293.37558637,6862497.8842769
153,1,639703.55876038,6867791.1268845
154,2,627533.85046682,6862669.9359079
155,2,634878.76849120,6866876.5632234
156,1,640003.95396423,6868080.8093593
157,1,617535.54939650,6878121.8406520
158,1,639788.12077320,6867952.3090323
159,1,609816.17610927,6863427.7109679
160,5,640022.93303589,6868549.8987247
161,3,628171.33483133,6862503.8392189
162,1,596162.61012917,6882648.6918154
163,1,640082.74168851,6868395.0042164
164,1,616215.93683374,6868342.4681114
165,2,636388.39580204,6855576.5585040
166,1,631700.64003214,6865663.0683867
167,1,596091.17474570,6882586.6012781
168,1,633563.98145816,6863236.1535958
169,2,627896.66458026,6862489.9186951
170,1,637311.92144622,6865010.9363444
171,1,627831.99149230,6862589.5398564
172,2,627752.55691229,6862404.5815146
173,1,596126.16860940,6882768.2161255
174,1,627913.56448668,6862373.6671510
175,1,639898.35901505,6868431.8849360
176,1,613312.76835050,6854721.5554292
177,1,603984.92297028,6872489.6005165
178,7,628007.53971306,6862644.3994258
179,1,637273.43826208,6872362.0887310
180,3,602987.30250258,6856162.9996443
181,1,604568.71628130,6872036.7264530
182,31,617675.44002828,6875964.1294400
183,1,629720.47814617,6853272.2110866
184,1,617331.59976643,6874373.5173994
185,1,612609.29238845,6876795.7937629
186,3,617754.20020217,6874803.8829242
187,1,630152.21227423,6870434.6836353
188,2,630371.49253299,6870055.3696946
189,1,604389.32747284,6872828.5790462
190,2,629462.36578736,6869467.0077619
191,2,636382.72958683,6860400.9587286
192,1,638521.57478017,6870537.0521004
193,2,629307.60467467,6869479.9320931
194,1,629200.76578345,6875538.8979841
195,1,637439.04807404,6861086.5753390
196,1,629048.75089922,6875571.8171443
197,1,637506.91246583,6861206.2909335
198,1,630054.57936607,6870057.0125139
199,2,631456.15864339,6873055.9339490
200,4,628973.22009066,6875882.8605293
201,1,629888.33002491,6870070.3929904
202,2,627021.71156063,6857912.6122912
203,2,624905.99187315,6858319.2655608
204,5,598757.02590179,6876606.6763891
205,1,598979.79979638,6876772.6611062
206,1,624331.71856148,6873065.4086311
207,1,629250.06905780,6869539.5531580
208,2,629104.72628129,6869563.8606235
209,1,624534.56054210,6871192.2867968
210,4,598145.80815914,6876580.7543413
211,1,612658.53106321,6877024.4321236
212,1,629222.41873088,6869870.4236136
213,1,629146.31949218,6869824.7224601
214,15,598725.55178952,6876775.7709250
215,3,635708.61069924,6859983.4119735
216,1,598527.00987704,6876897.0064495
217,3,629147.63743869,6869721.0230204
218,2,639177.17791491,6871351.6327070
219,1,625008.21156004,6875321.5102303
220,1,624337.45899621,6855388.7803097
221,4,615863.08407458,6869672.7937660
222,1,605956.17906566,6876901.3692378
223,1,629509.81445853,6853559.8641003
224,1,633357.20506154,6866509.5676684
225,1,614031.43156895,6877887.6595869
226,1,623969.88968589,6855220.7453029
227,3,605718.05915324,6877115.2762632
228,1,624385.37542289,6855490.9853460
229,1,638331.35389740,6856813.1765354
230,3,605804.34745884,6877039.6833274
231,1,638251.77127408,6856533.4607999
232,1,629337.38513593,6869906.4526530
233,3,631293.22593069,6877496.2543361
234,7,615821.94414205,6869330.5152726
235,1,635985.86719556,6860428.0884744
236,1,624180.30486178,6855404.3274108
237,2,615506.98349984,6870222.0090274
238,1,636163.26315574,6860408.2569486
239,1,637004.08058362,6860295.1362530
240,2,622129.53141722,6852054.8229874
241,1,627090.17004470,6857827.7363885
242,1,631669.90675029,6855259.7987732
243,3,636406.80971998,6860572.7729855
244,1,636117.67067786,6860226.6505651
245,3,617898.22947053,6857858.2012277
246,1,615341.07012623,6839814.1385973
247,1,635542.61484568,6860360.4350718
248,1,630118.15850703,6854023.0728964
249,1,621789.74053052,6852289.4923689
250,6,628166.27905245,6845043.6800255
251,1,624274.33837816,6852572.5748472
252,1,624592.59681565,6852581.5021808
253,1,638268.96511810,6856661.6404042
254,1,638151.76955820,6856745.4660648
255,1,618852.50430567,6853422.5407425
256,4,624382.55284878,6852602.3247839
257,1,624353.62714854,6852664.8712886
258,1,630002.80220024,6854030.5606730
259,1,630015.24844362,6854088.2921793
260,6,624550.90320509,6852640.4975617
261,2,636259.95655833,6859908.6700503
262,3,638383.70800821,6856443.3506398
263,1,636426.01318382,6860785.3238601
264,1,618100.98087372,6847062.6551708
265,1,626660.52499586,6853434.4684344
266,1,626525.46081987,6847931.3296687
267,7,619017.95758513,6852665.3127368
268,2,618010.10043836,6846825.2838308
269,2,617925.55626710,6846850.4008190
270,1,636931.55355670,6867625.6431895
271,1,605507.75006224,6877634.2357665
272,3,629445.98786022,6856585.4358502
273,1,621737.08160912,6852100.2466065
274,2,620326.30748760,6868439.3369280
275,1,627934.79192178,6875409.1573061
276,6,621819.13497582,6851946.7324565
277,1,631619.98168297,6860289.4211044
278,1,621949.22461238,6852143.1962511
279,3,631954.52549636,6846708.8966232
280,1,621883.05123000,6852317.5004572
281,3,620302.84111880,6868544.4688620
282,2,620458.33560703,6868220.9750702
283,3,638796.16132186,6867725.7906813
284,3,622119.43925350,6851792.8390649
285,1,627897.13909345,6875285.8657376
286,1,600548.98262030,6877748.7974765
287,2,627911.19198872,6875785.3485128
288,2,622058.50071858,6851595.2968630
289,2,627930.55617761,6875331.6660179
290,1,628106.40103232,6875844.7220112
291,3,631391.81834970,6860531.2105659
292,2,627888.25200608,6875805.1993913
293,2,631593.32923184,6872987.6795363
294,1,631659.02117416,6873051.6245921
295,1,631702.79341125,6860263.8950133
296,2,631722.70550982,6873242.1493625
297,1,635974.09663792,6859718.2490025
298,2,629018.06866905,6855955.5653297
299,1,627856.97386110,6875772.8565429
300,1,641055.37626915,6869085.3844255
301,1,641069.20763879,6869017.8957863
302,2,632406.95108720,6865752.3294754
303,1,631777.29214162,6872578.3872676
304,1,637481.30292015,6865687.1016320
305,7,632179.03477351,6865461.6248589
306,1,631933.75207627,6872413.7513117
307,2,602612.62106039,6855372.5238486
308,1,631889.58981737,6872494.3734883
309,1,628608.70082553,6861271.3437886
310,9,637760.50032219,6865508.7811467
311,1,629075.28195705,6856081.8755792
312,2,637928.49562780,6865408.8564277
313,1,629417.33870591,6860362.0883393
314,1,627477.26602983,6856624.5964688
315,1,631752.05037687,6860382.6697211
316,2,637726.68286860,6865066.3467902
317,6,637830.53345005,6865240.6718781
318,1,640880.71934459,6869266.9694762
319,1,637793.24297883,6856532.9393077
320,2,637666.23305590,6865316.6301551
321,1,629864.85136113,6853955.2024409
322,1,637417.26086935,6865289.4034710
323,2,607785.67739787,6877624.3070621
324,1,640679.29772074,6869228.5466411
325,1,637505.62151433,6865147.8144944
326,1,631466.29444566,6872799.5285436
327,1,614243.98430730,6839337.2389919
328,1,614306.80765963,6839401.7765134
329,1,640573.86879150,6869706.7890164
330,3,629770.64065994,6854170.0150201
331,3,615312.62265778,6869473.5869347
332,1,614180.92748823,6839272.7533064
333,1,619411.54530994,6862133.5231332
334,2,631545.06409404,6872882.7806249
335,1,614237.03556959,6839560.2605524
336,3,614424.90484670,6839537.5449610
337,3,634685.57609425,6864573.9090045
338,1,631229.46834446,6860574.2153044
339,1,635066.35535089,6864480.3250056
340,2,634531.61316512,6864037.7684984
341,2,634883.47152390,6864610.7225991
342,2,615269.27978764,6869184.2999403
343,2,634563.63784443,6863944.3666333
344,1,613611.41663687,6854782.9470265
345,1,637799.24183990,6864550.4288051
346,1,615047.18523150,6844198.1718308
347,9,637792.20937243,6864717.1107303
348,4,637034.04681317,6866937.0974698
349,1,627674.83556325,6875235.0757455
350,2,630154.65078827,6854320.0931831
351,4,636586.19205800,6867214.1929646
352,2,630495.04932938,6853911.9040217
353,2,637491.30108348,6865368.0411939
354,3,636571.21156054,6867319.2386330
355,1,629860.30602844,6852981.6285970
356,1,637398.05184457,6865194.9952770
357,1,627486.00481917,6875418.6150026
358,1,629678.30372001,6853069.0364137
359,7,634770.17926026,6864242.5983674
360,5,615844.80415851,6868998.3323645
361,2,620017.83962894,6877112.2293047
362,3,638118.12403869,6865235.5993342
363,1,617303.36923891,6877739.4095982
364,1,613533.94511536,6854696.7814789
365,7,617884.32015584,6877762.8776374
366,1,620244.99400979,6877070.0917041
367,16,615606.97886718,6869473.2000543
368,4,615611.43068214,6869837.6175401
369,1,628978.09529933,6855807.9169128
370,8,637992.40070800,6864709.3635759
371,2,638112.23536694,6864980.8466506
372,1,597132.17258252,6855273.6314090
373,9,637902.37762501,6864862.8469558
374,1,631036.40372303,6852302.6777230
375,2,616231.80904061,6865291.5441687
376,1,631154.25405640,6855599.8207144
377,1,630964.28846156,6852391.6847456
378,2,635241.97623400,6866976.2385380
379,1,631023.58803608,6852197.8946789
380,2,616300.99421471,6877197.0211873
381,1,597319.17797409,6855278.8103697
382,2,631167.11845656,6852297.8987964
383,1,635550.67855641,6860503.0542615
384,1,615203.75454229,6839949.5683933
385,2,635705.28887515,6860332.6578477
386,17,615491.67643420,6840094.7168727
387,3,632031.00204375,6846208.3316213
388,3,625365.66177403,6853543.0193677
389,5,632357.68458244,6846623.7851899
390,2,631034.20042241,6852413.7364450
391,1,631092.14026413,6852435.6528274
392,5,613921.30182907,6876651.4674863
393,2,592988.08983030,6872762.6949578
394,2,632138.66894225,6846562.2406124
395,2,631215.75064633,6852181.5392029
396,1,632416.49424969,6846727.6258276
397,1,635708.95907783,6866267.2162377
398,2,632493.78879093,6846781.3670228
399,3,631031.25756594,6852149.8811357
400,2,635920.15122714,6866146.1725937
401,1,603572.84918181,6878930.4653539
402,1,630957.40145558,6852226.2055842
403,1,620563.08409092,6873027.0675924
404,4,639085.07074059,6870077.5140345
405,1,632458.92963660,6846926.7858693
406,1,632626.21558232,6846725.9150935
407,2,601783.13505199,6869470.0281235
408,2,613573.11922773,6873439.2580994
409,1,601844.54712472,6869411.1094092
410,1,627359.13347250,6856528.3298441
411,1,639766.49177553,6856657.3233038
412,3,615789.78015486,6869033.3409695
413,1,634718.44893836,6864743.5418246
414,1,614468.77498567,6839099.8862962
415,1,601943.44625795,6869431.0541408
416,4,611229.92548658,6834834.0789133
417,2,605644.15386123,6877188.5116662
418,1,633362.25533904,6866623.1017685
419,1,624361.85960841,6855321.3925674
420,1,620473.27373501,6876840.2937415
421,4,613924.56989838,6824580.3820717
422,1,631165.86068850,6846327.8824587
423,1,631170.65621129,6846112.0048825
424,1,631175.41603549,6846229.0417508
425,1,630998.70270375,6846373.1608057
426,1,613935.22790586,6824421.4016874
427,1,631038.27785786,6846300.3976482
428,2,619877.17928038,6876930.4691388
429,1,640209.62258139,6869529.3122471
430,1,616478.71816422,6865509.7200463
431,1,622624.27274310,6858195.4409821
432,1,601782.88567863,6868776.2067432
433,2,622643.34198278,6858115.4682029
434,1,633346.18750886,6864203.2264687
435,1,633033.06354460,6867026.4235252
436,1,638200.40130682,6865528.7969998
437,1,633170.71637297,6864190.4551479
438,1,615604.52922206,6877399.9171649
439,1,616404.70979106,6865175.2834448
440,1,618295.60924586,6861391.6389534
441,2,618254.94772126,6861349.9012100
442,1,619234.95535694,6874615.2919261
443,2,630502.09023583,6854191.2649770
444,2,633186.41000048,6866865.7014754
445,1,620910.48147305,6858477.4630068
446,4,618880.42967998,6828256.9348730
447,1,633192.49141628,6866753.4174018
448,1,624840.36239529,6858501.3227861
449,2,619426.74671205,6874380.3556510
450,2,619230.21002856,6874360.2029626
451,1,619368.53434171,6874592.6914331
452,1,640946.63399966,6868342.6109695
453,4,639598.57062176,6855932.1786733
454,1,639722.31986505,6855827.4893779
455,1,635031.52129377,6865824.4776689
456,1,641137.31009372,6869355.0023073
457,2,640394.02532523,6868621.1042966
458,2,640396.54960392,6868771.8544814
459,3,640181.12905234,6868711.3617289
460,1,640282.98621248,6868461.5142265
461,1,635374.41099626,6866122.5076995
462,1,616466.56752305,6857795.4598269
463,1,640746.10310172,6868732.8405900
464,2,640666.55224702,6868858.1444441
465,1,616503.72148147,6857866.8106321
466,2,640539.95378596,6868802.1349588
467,3,640401.85835242,6868884.3027704
468,1,631489.59157572,6845944.8682384
469,9,640180.73863923,6868869.5687268
470,1,625342.81477492,6858175.8456033
471,1,640397.66399010,6869289.7871707
472,2,616246.24617181,6857871.7721632
473,1,640524.19502356,6869406.6024933
474,1,628129.25535775,6871429.5786956
475,1,618868.62405806,6847160.9093701
476,2,621392.52522213,6858294.6876368
477,1,640443.53707953,6869809.2850601
478,1,624729.79232961,6871693.4668227
479,4,625916.05417362,6859711.1966134
480,1,638708.59756813,6852277.9664658
481,1,628098.11756396,6871700.9788910
482,1,638324.28352054,6865806.1741925
483,1,625385.52815646,6832305.7144023
484,3,625335.26223583,6832537.9962271
485,1,618249.87455593,6861086.9013459
486,1,625559.75341445,6831904.8020037
487,1,620017.34217149,6858506.0921222
488,1,635989.42504586,6865757.3019660
489,1,620308.44319462,6858557.5967547
490,1,618371.77223230,6861486.3108950
491,1,617203.97849227,6840946.8354453
492,1,618258.71973740,6861634.5721265
493,1,618183.89338842,6861620.7101722
494,2,618333.77967232,6861442.1452884
495,2,635878.78687380,6865882.4768688
496,1,626107.02208636,6859817.6035442
497,1,628112.15547473,6871064.6624668
498,1,618813.48688272,6860966.6297632
499,2,628196.12467431,6871123.4996578
500,1,628029.58713986,6871023.3983856
501,1,639104.57022766,6871297.7801459
502,1,624271.03596432,6852386.6399507
503,1,638773.92533231,6871575.6844203
504,1,624236.87600217,6852484.9183954
505,1,619946.10236578,6829344.3322046
506,1,628289.00523068,6871562.2857496
507,1,628343.17251981,6871454.6278658
508,1,638450.62209306,6871415.3584074
509,2,638441.55385208,6871320.7602173
510,2,638803.76092414,6871342.9483371
511,3,639072.44241566,6871170.0494829
512,2,638622.01466988,6871550.1711357
513,2,631492.51692433,6855241.5522861
514,3,631634.12362936,6855149.9787686
515,2,606131.54917684,6875414.4614404
516,2,636254.94097903,6855763.9855874
517,2,637381.81468740,6870616.9078709
518,1,637214.03293242,6870728.3780206
519,3,606232.74352528,6875436.3134472
520,3,622978.94471425,6858085.1029469
521,1,637519.28262317,6870702.1567471
522,1,635765.20912160,6865748.6676326
523,1,606282.64403065,6875299.3808096
524,1,596282.69234328,6882589.4980547
525,6,621092.80762183,6858267.6109659
526,6,635615.82997694,6866000.5200193
527,1,620984.57700379,6858404.0789786
528,1,606320.89798220,6875445.2102770
529,3,635747.16279045,6865922.6082121
530,2,625915.45973363,6871711.7939264
531,2,625346.65961316,6858422.1585589
532,2,639107.72666943,6870772.0356398
533,4,639320.54627505,6870955.4421429
534,1,640324.79929258,6871220.4189384
535,1,623840.81384173,6858829.7403246
536,1,634980.90154129,6879040.4640321
537,1,634409.52538233,6867923.0814127
538,1,623583.39979487,6858742.6298957
539,1,622869.28094271,6857992.3332910
540,4,621543.35208132,6851913.0501671
541,1,622854.18638521,6858289.6953088
542,1,623584.04008028,6858929.8527772
543,3,630996.02768562,6846110.9655936
544,2,637786.83576666,6870964.9085789
545,3,629031.17098141,6867628.4726560
546,2,630964.09706285,6846237.2310307
547,1,637805.27159118,6870824.8882110
548,1,629451.67492044,6856956.2654108
549,2,629217.28758309,6867703.3820026
550,1,623608.90290721,6857903.9457743
551,1,623776.39752770,6858161.5087025
552,4,623669.38758033,6858038.5989962
553,1,623771.48149949,6858248.0957927
554,1,623877.99689607,6858191.3141271
555,1,638777.37226238,6870573.9039443
556,2,626356.90465985,6853864.0987678
557,1,640394.09092880,6871314.5421606
558,2,640168.74701062,6871422.5089191
559,1,612427.05136744,6863379.0342688
560,1,621165.15314308,6830801.4120591
561,2,603442.08905463,6855810.5519753
562,10,603096.92512904,6855600.0895981
563,1,624020.53703262,6858079.9137748
564,1,623572.10874250,6858846.7218278
565,1,628826.34795988,6875626.1868040
566,2,613109.81420232,6839129.5254774
567,2,634603.82462077,6867440.7989117
568,1,637862.63158633,6867388.5715160
569,2,638985.31961151,6853059.0204257
570,9,631973.89703959,6865309.3618609
571,1,629775.91831242,6876369.7590873
572,1,606338.27601931,6875569.1873377
573,1,634546.37220906,6867250.0607008
574,1,624105.07128083,6858188.8051015
575,3,638683.76736349,6852955.6791044
576,1,638140.15973632,6866953.2843293
577,1,623769.66441211,6858290.9660135
578,3,629088.52151217,6876305.5431914
579,1,629375.35783187,6876307.6630563
580,2,606038.43860832,6876242.5340294
581,1,624216.38031992,6858105.9270267
582,1,628946.98918540,6875699.8062893
583,6,620824.58642431,6879034.2779400
584,1,624105.90687610,6858294.5474278
585,2,620460.56878210,6878857.6886340
586,6,628600.14462082,6862469.7129244
587,1,620890.70106021,6879883.9555975
588,1,620275.03700584,6879404.0844056
589,1,638920.63145214,6867489.3973698
590,1,620139.96639055,6878853.3856592
591,1,636187.62314594,6866029.6078016
592,1,631827.72806846,6873534.4812203
593,1,623575.37603421,6858317.2959792
594,4,626455.00038362,6844580.2378205
595,4,625041.28999350,6852642.5392647
596,5,624944.03897125,6852702.3274678
597,22,613965.68059172,6880753.3746553
598,5,625146.41887621,6852747.4852438
599,1,613153.15716102,6880459.2920771
600,1,629108.68402168,6875921.1189931
601,1,624327.75676997,6864051.2771724
602,1,620430.70597982,6878972.3907342
603,6,614368.31176017,6880359.8119843
604,1,640149.50558383,6869200.8060292
605,2,629131.85144588,6875936.4469611
606,2,619658.15763647,6828526.1238247
607,3,613054.27829682,6876611.1052553
608,3,629292.11007312,6876134.2841569
609,2,630416.29250415,6853834.2918464
610,1,629116.92022587,6876039.4836996
611,5,635734.17250137,6860449.9849781
612,6,629371.82628041,6875945.7162400
613,1,629684.21704423,6859822.4433306
614,4,630137.58991030,6853903.4707778
615,1,634795.32598814,6864784.7771000
616,1,621676.06439850,6879263.2445555
617,5,622604.82754369,6879381.6443582
618,1,633033.68791364,6847630.0221948
619,1,629937.68190925,6853874.9088636
620,1,639002.68894662,6856603.2648065
621,1,615906.95071729,6877727.5738603
622,2,629703.40924624,6853178.5265406
623,5,638596.48541105,6852522.3106465
624,2,615756.53721202,6877712.5313166
625,1,617235.31377948,6874531.4697050
626,2,617372.61302712,6874502.1070222
627,1,632786.59646930,6847857.0658152
628,4,637199.53302514,6872520.5054336
629,1,637312.64850073,6872441.7633766
630,1,626311.62248563,6859161.9921884
631,1,637082.49036689,6872586.2366101
632,2,637306.39870869,6872583.7076974
633,2,638718.94750223,6852641.4746530
634,4,617421.20771143,6841390.5378468
635,1,620613.14988254,6879566.2020881
636,2,617692.55504283,6840962.0170760
637,2,636880.92286310,6868010.0310692
638,1,617252.50883235,6841095.8473816
639,1,636755.94482724,6868019.1385486
640,1,637507.56282311,6872417.9249307
641,1,636747.33743789,6868172.1478085
642,1,638454.11301920,6853079.1845048
643,1,617646.54036184,6874879.9077668
644,1,616245.83924901,6877774.4197932
645,1,639791.96611670,6856099.3284521
646,1,633424.38334775,6863657.7780252
647,5,639607.32333981,6856175.6199812
648,2,639993.71418110,6870076.9810259
649,1,639521.88355633,6856195.2135755
650,2,603521.39465616,6879074.3702754
651,1,639443.16335367,6856190.1035340
652,1,639452.05397617,6856038.6595230
653,1,638640.83907152,6856320.7057187
654,2,639607.08554227,6856087.1323188
655,1,617409.38709266,6874400.2801814
656,1,640096.50882440,6870192.3779680
657,3,620991.58397656,6879261.1402947
658,2,634539.23575599,6864144.2524580
659,1,634595.03609303,6864214.1321317
660,1,629648.24608172,6870413.8724946
661,1,629661.14012743,6870572.8275365
662,1,639762.53184599,6856224.4255057
663,1,629623.57478175,6870513.2026362
664,3,634742.42337357,6864237.1504142
665,4,612872.74900660,6876012.3604794
666,1,625443.83427464,6832178.7894226
667,1,629966.85468327,6870325.0862199
668,1,612881.18111741,6876320.3569257
669,1,612831.62168078,6876720.6752767
670,2,630145.85167042,6870828.1517275
671,2,611400.22546999,6875748.8620373
672,2,630261.48867917,6870848.0906277
673,2,612900.06644279,6876474.6022142
674,1,629695.99052776,6870756.4793354
675,2,612744.25081544,6876341.1548475
676,1,640105.11530157,6870344.0888043
677,6,617500.57157513,6874758.0769371
678,1,617356.72281997,6874731.2288280
679,1,620084.18294450,6879135.5077808
680,1,635981.16939619,6866365.8005879
681,1,620177.93477927,6879157.7533346
682,1,620009.10737096,6879160.5700596
683,2,630094.75744527,6870650.7989051
684,1,629796.48403171,6870405.2463655
685,1,619531.22333611,6828673.1317103
686,1,625116.40041839,6858626.7062490
687,2,617047.52243213,6857366.9779937
688,1,619715.76321574,6879191.8438927
689,3,613991.06832370,6880006.2109954
690,28,614103.35986613,6880503.5283092
691,1,625291.98737727,6858209.9844151
692,8,604533.83938162,6872478.6996379
693,2,625261.78427326,6858327.2913790
694,1,630415.09735725,6870617.3588962
695,2,638789.07918369,6856616.5738664
696,1,630239.97169735,6870531.6642579
697,4,625056.28455392,6858377.5743753
698,3,628496.80273537,6876601.7191201
699,2,638864.13914552,6856933.4622425
700,1,614603.42290577,6881984.1307080
701,1,624739.75800939,6864072.3063383
702,1,624788.04036504,6864213.2532810
703,2,624999.24882570,6864247.6548686
704,1,639669.80729853,6869532.8995475
705,1,629913.80310392,6870277.7404615
706,3,629900.72020606,6859955.1883194
707,4,629809.72461842,6859858.3954241
708,3,627494.67073415,6845495.0632869
709,1,628904.12396638,6869711.3023812
710,1,624967.15598047,6864377.4917272
711,1,629913.72205680,6854091.6045482
712,1,626752.98191456,6853756.8594036
713,1,613427.38148182,6854470.0331270
714,2,640282.36915184,6869855.8404318
715,1,628045.01188421,6862305.2930693
716,1,603660.54544193,6879124.1539550
717,2,639707.86051392,6868976.1318514
718,2,639793.00494831,6869150.2629824
719,3,640543.78567080,6868984.6286032
720,1,627525.62235246,6862339.2946118
721,1,638512.59040186,6866177.2944825
722,1,639686.27016041,6869327.5596069
723,1,639866.91699954,6869072.0762306
724,1,637790.53030499,6865769.7090343
725,1,638254.67123154,6866738.1415927
726,3,617221.48570072,6861334.3086180
727,5,640215.98814537,6870101.3499374
728,1,628043.06875270,6862335.3737378
729,2,617543.92012795,6862144.2682346
730,2,640296.33386571,6870001.5558417
731,5,628495.81413338,6862231.3830923
732,1,638389.76777772,6866114.9315496
733,1,616925.85770229,6858531.5619885
734,5,620326.63409074,6879701.6430326
735,1,622173.30228886,6853183.1263169
736,2,640217.06745447,6869941.9145777
737,1,640149.07912346,6869829.5349879
738,3,640096.12475893,6869999.8800053
739,2,627850.40936473,6862205.1822444
740,4,628168.95990854,6862031.4294123
741,5,641122.58431999,6868791.2342165
742,1,627451.68442298,6871935.6454955
743,6,598131.24675390,6876254.2659629
744,4,616500.28783484,6840130.6325040
745,1,616568.75876782,6841462.9299029
746,9,622375.64661374,6853398.4237934
747,1,620915.53220497,6868770.8486303
748,1,629997.06179267,6870731.5002522
749,5,625217.12961768,6852935.8140776
750,1,640743.81477692,6869080.7563527
751,5,625214.85867857,6832058.2941838
752,1,640276.53372288,6869070.5582219
753,2,620686.80267153,6868821.1071432
754,1,620988.37045883,6868896.1234191
755,1,630919.66715424,6871462.3704583
756,3,640960.34340619,6868835.5476137
757,1,624996.14059108,6853005.8100877
758,1,625068.92099545,6852980.4472762
759,1,641083.16881889,6868943.7191590
760,1,626895.50223687,6876547.7414871
761,1,641063.76997757,6868882.7778468
762,1,626846.00975418,6876342.5341505
763,4,640916.48601711,6868985.7097027
764,3,640879.03791410,6869107.0579870
765,1,615612.69855191,6840703.4336565
766,1,640937.09250917,6868912.0357068
767,5,623509.19169304,6878353.4919878
768,1,615948.29117141,6840567.6691668
769,1,625616.72305717,6853598.7507827
770,4,613139.24697226,6839271.9702331
771,1,624346.46432676,6835032.6737352
772,1,624092.72788956,6858100.8452783
773,1,624145.45353422,6858100.9608068
774,1,617323.33181352,6862345.8638222
775,2,617897.04617428,6846946.9373126
776,3,616055.65464260,6877412.5433845
777,2,615705.87942033,6877399.5410533
778,1,620484.75491965,6868831.7785171
779,1,616286.42941791,6877573.7475624
780,1,625911.29273405,6853458.9963349
781,1,637819.46394539,6861553.0950096
782,1,623098.27084031,6858004.9641949
783,1,634911.17645506,6878574.0604506
784,2,629879.24115817,6870641.8769273
785,1,603739.93284421,6878940.9833231
786,1,622911.90216833,6858568.5680720
787,1,634728.24792564,6878672.5673895
788,1,603812.99086108,6878780.0654032
789,2,634843.81769248,6878444.8358856
790,2,633599.31749077,6879049.6067844
791,2,632916.26450760,6864744.3233248
792,4,635159.91732664,6878845.5390711
793,1,634967.25927775,6878843.9442750
794,2,635113.21124501,6878662.1125898
795,1,631388.75297547,6853769.0581148
796,1,631569.63740980,6855453.8640466
797,1,626021.37560033,6859208.8962779
798,9,602809.44828313,6855766.5144475
799,1,623704.73676220,6858295.1834949
800,7,623942.21039964,6858024.9118217
801,1,629930.59158235,6870209.0464993
802,1,636517.67031329,6871791.4866928
803,1,639324.79278648,6871252.3540800
804,4,623332.56667223,6850147.9669664
805,1,632612.35253684,6865654.2728712
806,1,623460.34520040,6850463.1894276
807,2,623469.71492503,6850242.6601101
808,10,615773.75764016,6840095.0120291
809,5,632155.14162474,6865153.3797561
810,2,615930.92514408,6839808.2967972
811,1,597318.68864573,6882821.2294589
812,9,632062.96824025,6865054.4536914
813,1,615832.21388067,6839793.2317037
814,5,632070.33693656,6865249.6598095
815,4,631953.57899967,6865123.9808832
816,1,631816.56281751,6865156.1713953
817,2,631833.34703573,6865227.9502746
818,1,632366.21781830,6865116.4499096
819,2,633033.47562629,6877179.2841413
820,4,632301.33801367,6865268.8605686
821,4,631459.74667218,6855098.6910107
822,6,632243.73504815,6865385.3116408
823,1,625520.68184091,6862038.4229296
824,1,597212.99952538,6882067.1269723
825,1,634659.37618785,6867896.5936654
826,2,620644.30294679,6868748.1007624
827,1,634097.32247425,6878749.2005333
828,3,636361.94188088,6860001.0137843
829,1,633841.37459632,6878663.7074859
830,5,621455.30037964,6858273.3087526
831,13,633818.80877539,6879344.6612143
832,6,637896.60538857,6865477.2161688
833,1,634139.15889743,6879286.9899314
834,1,616332.79499480,6857980.5288206
835,1,634052.92603878,6878452.5747638
836,1,599822.32839571,6858907.1017904
837,1,607832.15666084,6877815.2405368
838,4,633894.17095471,6879066.0239330
839,1,637862.26644409,6865646.6708346
840,1,633759.25780166,6878774.3857109
841,3,634089.04468820,6879048.1136082
842,2,633783.27489837,6878998.8143337
843,2,633709.51036314,6878972.1706472
844,1,615666.42492734,6839500.1606064
845,4,615635.99109865,6839722.6295213
846,1,633365.40775661,6878723.2736524
847,1,596187.21870313,6882942.0482357
848,1,639099.98554910,6856527.1383788
849,1,597573.86663603,6882575.5407554
850,1,620691.76162828,6868637.4699262
851,2,607791.44596533,6877720.8173087
852,4,620535.41278797,6868604.2559422
853,1,632614.29472926,6864857.7834801
854,4,597415.16754563,6882606.7025116
855,2,632736.13003899,6864974.9269585
856,1,597350.40727787,6882706.9558708
857,1,611491.71110965,6872447.4268358
858,1,632741.94291696,6864731.3376461
859,4,604204.95737176,6871515.6031883
860,2,603960.59418964,6871705.8299810
861,1,633803.55554922,6878282.5929645
862,1,627518.83903536,6876382.9670453
863,1,633971.67685007,6878229.7854001
864,2,627316.91418461,6876771.7083687
865,2,634644.56432048,6878851.8980404
866,2,627435.91875218,6876748.3290153
867,1,635031.66176324,6878991.0275608
868,3,635154.71953545,6878998.3171725
869,3,641038.35841930,6869162.9608229
870,1,612250.79358502,6873715.7203071
871,1,612063.21173825,6873704.0661685
872,2,618276.09388787,6857826.4135222
873,1,618459.63605917,6857671.6266528
874,1,627568.21869118,6875991.6820801
875,6,602597.21474320,6849770.1212031
876,9,635498.64393157,6866036.4589009
877,2,627390.45079248,6876138.6992672
878,2,601742.40151504,6850221.5970134
879,8,601841.34843225,6849840.7143969
880,6,637971.10297425,6865561.3822831
881,1,607589.53585531,6877803.7173000
882,1,627546.05878295,6876134.6988609
883,3,628636.80520388,6876400.8278087
884,1,638297.94358291,6865530.7388289
885,1,596479.27017773,6882816.1300777
886,1,630915.82650132,6853829.9165323
887,1,638210.77449058,6865683.9633386
888,1,602187.54282301,6850446.8533388
889,1,631641.71140294,6865381.4526528
890,1,603276.90805325,6850226.1585526
891,8,631877.67618213,6865478.5305133
892,3,632216.00057570,6865584.1466131
893,2,636160.55319840,6860085.7813729
894,2,632061.75202078,6865559.0142643
895,1,597501.99389999,6882367.9588567
896,1,618325.58788775,6857413.9114805
897,1,639175.20434420,6867787.4823618
898,1,639331.74926225,6867886.8406728
899,1,638950.44322521,6867310.2130988
900,1,621888.38051336,6852132.9027494
901,1,597642.70289666,6882716.0101411
902,1,627184.05506716,6876736.0974419
903,3,607705.69966242,6877233.6387704
904,1,618210.43765497,6857737.9925683
905,3,618197.45761982,6857836.7465876
906,5,623199.10370121,6850197.5328484
907,2,607466.65259385,6877307.3213598
908,2,623275.17356554,6850037.4360617
909,6,635597.11937515,6865766.8924167
910,3,638461.22691869,6867157.2927223
911,5,635497.38638300,6865810.4326529
912,2,637912.25018158,6861499.9425133
913,2,607478.86180356,6877499.3908244
914,3,618249.19757759,6858210.1372393
915,1,637857.42904636,6861507.9451105
916,1,607547.99030924,6877404.6144145
917,1,607285.98475680,6877794.1727639
918,1,635933.07422849,6860525.2937230
919,1,639370.19110610,6856144.5833803
920,1,607398.07170940,6877867.4020126
921,1,635406.64184877,6879209.6550510
922,1,635231.75610998,6879106.2232125
923,9,635945.71770372,6860240.3033678
924,2,635690.89087835,6878800.7325874
925,1,618139.05093104,6846878.2405129
926,1,607538.13874543,6877182.6430867
927,1,630309.27499020,6854326.2707721
928,1,636961.71226006,6867801.0671751
929,1,636769.46249342,6867835.7229064
930,1,634210.37622607,6878257.6982278
931,1,634647.62272788,6879051.6160385
932,1,615904.26631066,6839550.3817137
933,3,615868.49719646,6839681.8435154
934,2,615834.82550320,6839460.9063293
935,1,631905.98279041,6865166.4457499
936,1,627116.81562877,6876399.2267029
937,3,638307.63587239,6867028.7167135
938,2,614964.49314604,6827008.2732056
939,1,618630.66007739,6857806.2927003
940,2,638239.71645323,6866885.1631151
941,3,619723.50098189,6828704.7395458
942,1,613709.27040576,6838851.9231206
943,1,629696.90496847,6854178.7396220
944,1,607371.89925137,6877410.2480253
945,1,607125.32264078,6877505.9674269
946,8,607644.60181338,6877543.7666090
947,1,625443.43923706,6853246.2201186
948,1,617335.25179811,6862265.2271448
949,1,635452.51220901,6868379.4556052
950,21,612714.24772743,6834564.9458910
951,1,607328.07283355,6877469.7723625
952,4,631386.65479283,6855424.7492854
953,1,607425.81014332,6877558.2411701
954,1,631401.56277006,6855482.1986276
955,1,597440.29717097,6855387.8298561
956,5,636709.94208635,6866961.9531439
957,1,621643.11238698,6879632.8519184
958,6,632449.31800102,6865229.6767279
959,3,636593.98909166,6866964.5789835
960,3,632545.80202465,6864946.1753639
961,1,636475.88691175,6866883.5873628
962,1,595446.82339882,6883381.4317615
963,1,632643.11316952,6865023.4266569
964,1,636824.75075263,6866685.1478524
965,3,632432.96245905,6865567.5841211
966,1,630549.69945056,6853074.3274150
967,1,636925.07216995,6872387.5610979
968,1,619101.85306615,6874524.8447367
969,1,619442.37985057,6874500.9166028
970,1,597212.29913190,6855183.2726625
971,1,625340.38482283,6831781.5009680
972,1,617317.02527303,6862187.9223367
973,1,619334.21522441,6874515.2101436
974,1,612005.96867449,6874060.7710274
975,1,619198.08784090,6874548.5278633
976,2,623242.04911079,6849456.6147406
977,3,636600.01908120,6869998.0887520
978,1,619364.63069702,6874752.0966360
979,1,623367.75563912,6849496.9507003
980,2,619554.88529990,6874454.7967709
981,1,619493.11272652,6874593.6247227
982,1,597265.72399122,6855399.4109706
983,1,634260.75565933,6867362.2338554
984,1,627111.55852866,6876237.2996456
985,1,636560.23739872,6856068.6397692
986,4,634376.81895335,6867006.9778834
987,3,635987.36594197,6865991.1903849
988,1,634337.73967586,6867409.2593506
989,1,611530.50035689,6872954.5899056
990,2,617913.19306971,6846627.8048177
991,1,636905.41501417,6872034.0621938
992,2,634891.23313265,6864760.7587838
993,2,636494.77152790,6867079.8273749
994,1,612451.58325841,6873991.9319259
995,2,636602.06193862,6867107.9778914
996,2,611959.21131936,6873945.3927283
997,2,612096.30583800,6873866.4908253
998,1,633351.37057630,6866771.9717842
999,1,635690.84310557,6866130.4859223
1000,4,631925.13743742,6864641.3079211
1001,37,631425.39552927,6871798.0834092
1002,4,632050.55383061,6864627.1394977
1003,1,633415.70803877,6866694.3965704
1004,2,627135.43013282,6876101.7902324
1005,2,626195.87063776,6853669.7490779
1006,1,630405.53783850,6870428.5122930
1007,1,628875.78931657,6876073.3706763
1008,1,630188.63885356,6870232.4483051
1009,1,627042.23855048,6876198.0457571
1010,2,630560.10841387,6870182.1903608
1011,1,630497.27438214,6870367.4779687
1012,1,634896.28234523,6862705.7963540
1013,1,637990.84499129,6866421.5765104
1014,2,606331.84854422,6875128.0021023
1015,1,638283.82097270,6866577.8738589
1016,2,635401.42565461,6878880.2820288
1017,1,620534.82243619,6872961.0519767
1018,1,622525.72812710,6858147.4913942
1019,12,620706.42140498,6873092.8622699
1020,1,630253.12470589,6870130.9435300
1021,1,622598.65143462,6857965.7229663
1022,1,605839.05861006,6876389.5564871
1023,1,633342.50828932,6877330.9291841
1024,2,631103.90520545,6853736.5797793
1025,2,614261.12781083,6826724.3453709
1026,2,638157.54155524,6866145.5103843
1027,1,638329.60781463,6866038.0416018
1028,2,631169.22002491,6853841.9789617
1029,2,631048.14563546,6853864.5985268
1030,3,620806.31929179,6873302.7968196
1031,1,631048.85627824,6853785.3337220
1032,1,639256.00491368,6870361.5739315
1033,4,639026.75087287,6870993.3412219
1034,1,638740.15798398,6853932.0697364
1035,1,627320.28983524,6856597.9432715
1036,1,623870.61834767,6855430.7217064
1037,1,620789.96973735,6875600.4602565
1038,1,639039.20176920,6854136.5059654
1039,3,606575.95459274,6875455.1016464
1040,1,638858.45648574,6854139.1089103
1041,1,631998.99981229,6866072.3336408
1042,1,638233.92363953,6856318.3902639
1043,1,626170.25351072,6853748.1454057
1044,1,633597.44796287,6878566.8336056
1045,1,638626.75589097,6871226.8216950
1046,1,632378.90621094,6865868.9972050
1047,1,638555.33350567,6871053.4925402
1048,2,638771.23361926,6871119.1299672
1049,2,625011.67211290,6831654.5877145
1050,1,631438.00743413,6877652.7678584
1051,5,625338.68884596,6852897.2534589
1052,1,638470.49333905,6871169.8784362
1053,3,638886.18582248,6871062.2674354
1054,2,638956.00459582,6870841.2920653
1055,1,638887.02531111,6870898.6786711
1056,3,630650.89063221,6853916.8498771
1057,1,638642.96391039,6870984.8955614
1058,6,626416.05392436,6847981.6827982
1059,1,630757.65488917,6854034.3792575
1060,1,626434.35052343,6848138.4471771
1061,2,636436.97628666,6855847.3904321
1062,4,630888.18776437,6853828.2461170
1063,3,626598.16401707,6847915.1565500
1064,1,630623.42327451,6853873.3171992
1065,4,635317.80438545,6867269.5058271
1066,1,622482.59733089,6858593.9490049
1067,1,638878.26075048,6853985.6875586
1068,1,639152.78811474,6871464.6415112
1069,1,626759.72776720,6853544.5625668
1070,7,630199.88119293,6854073.6933642
1071,2,630218.88480373,6854051.9920917
1072,1,633332.50479539,6866997.2948087
1073,1,614838.80432969,6875015.9009885
1074,1,612934.40674357,6839166.5879330
1075,1,629269.82442312,6859482.9527232
1076,2,620876.03707204,6858252.6606183
1077,1,627225.75802414,6856583.0567590
1078,1,614629.03437627,6875048.1638147
1079,1,619560.83315351,6858606.9996372
1080,3,627559.20721409,6856326.6193425
1081,1,641016.78284274,6869357.3797988
1082,1,634352.06936667,6879240.9904988
1083,2,636818.16427977,6867107.4050305
1084,7,636727.38921871,6867114.5659793
1085,1,619805.33917661,6858464.2287683
1086,2,633561.63021782,6877390.8777583
1087,2,633177.25866025,6877577.4776812
1088,1,630313.33009834,6869685.7640933
1089,1,633499.90321568,6877274.4302375
1090,2,607618.92361108,6877144.2928864
1091,2,636876.80162554,6866997.7450244
1092,1,633764.14783115,6877368.0520164
1093,1,633220.11086542,6866960.6539414
1094,2,636887.63065119,6866885.9172915
1095,3,631142.19089861,6853666.7540581
1096,2,633053.33024688,6867145.8757639
1097,1,631096.21518516,6852405.5989621
1098,2,635277.32973060,6867506.3380358
1099,1,635476.80028335,6867401.4933492
1100,1,605584.18615393,6876905.4817277
1101,1,635318.59837104,6878566.2511210
1102,2,636313.05260245,6867412.8275059
1103,1,632879.45319139,6878139.3571701
1104,3,635449.99246047,6879105.2390265
1105,1,635567.22502335,6879094.2664539
1106,5,635406.17119890,6879348.2130249
1107,1,624111.20789443,6855218.8396652
1108,1,637453.62096787,6870509.2874019
1109,2,637142.59338915,6870473.6298512
1110,5,616349.27552842,6857727.9110750
1111,1,621934.59258753,6858159.0605369
1112,2,637148.52220152,6870605.4537145
1113,1,621263.27717576,6857940.3297638
1114,1,636985.27959234,6870505.1470177
1115,1,609407.21656558,6875427.6667722
1116,1,631251.23050127,6854040.5335009
1117,1,635586.45629803,6878879.6743807
1118,2,637058.80960351,6870574.9022744
1119,1,622739.86487190,6858625.8711624
1120,2,630076.01385603,6854359.4218774
1121,1,639204.39069967,6854097.9489814
1122,2,632924.72175018,6877922.0278860
1123,3,632835.10764260,6878301.0063993
1124,1,621075.61544727,6858068.8407324
1125,1,633111.62742208,6864960.1044711
1126,5,633284.54841777,6877797.5004018
1127,1,632962.10483375,6878246.3164712
1128,3,633102.68289551,6878183.0832886
1129,3,620922.99725540,6858127.6955253
1130,3,624112.48312260,6858005.2189333
1131,1,639032.11085779,6870216.5686989
1132,1,626218.47318946,6871681.3486938
1133,1,637309.11595016,6865365.9092198
1134,1,633739.18387256,6878648.2100109
1135,2,633051.62494829,6877332.4211278
1136,1,639249.99126507,6870600.0077895
1137,2,631877.87845170,6865124.9119783
1138,1,616552.75502901,6857848.2916148
1139,3,631421.16397055,6852398.9921597
1140,2,605567.00724982,6877283.3145897
1141,1,627663.27629490,6875481.7953457
1142,1,616523.53781572,6857767.6876278
1143,1,616550.88558948,6857818.3955096
1144,1,637930.39622555,6865853.3474576
1145,1,615017.09316861,6875225.5929554
1146,1,637893.03419250,6866143.4307725
1147,1,627327.77665948,6876605.5221403
1148,2,637837.39818208,6866032.9457974
1149,2,640360.63958479,6870219.1141131
1150,1,636525.46409657,6871478.9081104
1151,3,636668.10822626,6871640.6024997
1152,2,598377.94917743,6880981.3779484
1153,1,627765.27961226,6875700.7956727
1154,1,598316.72795764,6881047.0950135
1155,3,627819.29589868,6875399.8099616
1156,1,633176.46953830,6878486.1860167
1157,4,598086.30412781,6881090.0220751
1158,3,597954.30285932,6880808.1528398
1159,1,635897.68295345,6878766.1379504
1160,1,629997.61400154,6853390.4076618
1161,1,627863.26176782,6875479.8436574
1162,1,635490.33973765,6878635.9221329
1163,1,638230.59185242,6866465.7897663
1164,1,638121.50448158,6866059.2961575
1165,1,635809.14576067,6878882.9947229
1166,1,635781.45554488,6878764.0675447
1167,2,627694.31377239,6875854.7229543
1168,1,625108.13745453,6875397.1744880
1169,1,638258.97421127,6866248.7296472
1170,3,636573.07604272,6867635.0260194
1171,1,635653.28754966,6879004.4973951
1172,2,598178.80147559,6880772.3271860
1173,3,628275.51209548,6875677.2255356
1174,1,628407.75998217,6862846.2932279
1175,3,636921.35983142,6870353.5423618
1176,2,628329.95330532,6862721.8028378
1177,2,628137.50772519,6862808.2244468
1178,1,628075.68231489,6876126.2790039
1179,2,628117.69187419,6875927.5734082
1180,1,637203.59791743,6870347.9323827
1181,1,639140.85413824,6869975.7428610
1182,1,636952.40007272,6870424.1960696
1183,1,628004.26849637,6875933.7051011
1184,3,637100.93634573,6870274.4331539
1185,2,636912.51844939,6870260.0256620
1186,2,627956.26270693,6855957.9116513
1187,2,638059.17283434,6871090.7621226
1188,1,640413.25964854,6870084.5331525
1189,1,627812.84600233,6875987.4889789
1190,2,605754.05596191,6877376.1054447
1191,2,636575.39710915,6855846.6037704
1192,9,631802.07925629,6864675.9953284
1193,2,628032.79329555,6875896.8850040
1194,3,627869.76819964,6875896.4213335
1195,1,628079.56833850,6875792.4939077
1196,1,615869.01832537,6877288.7803580
1197,2,616004.14239138,6839762.0522982
1198,1,632779.79022114,6865506.3765566
1199,3,629034.77586863,6852361.8806137
1200,2,629041.91039972,6852264.0895528
1201,1,629558.01121538,6856083.8441205
1202,1,614140.12650599,6824835.8778310
1203,2,614367.86089671,6824735.9145031
1204,1,629564.09523705,6856207.4931691
1205,2,614221.89806016,6824979.7611624
1206,2,614296.40113814,6824872.8728224
1207,1,624732.39314060,6852803.2577423
1208,2,614740.34451773,6827720.4941369
1209,6,632306.90068647,6864956.3194295
1210,4,632148.40324338,6865057.0120551
1211,1,614105.52476778,6824714.9899595
1212,2,631836.74263248,6864832.6794276
1213,4,614284.81462993,6839151.8082321
1214,1,624618.32367175,6852793.9302456
1215,2,614981.84026492,6827081.7903839
1216,1,631942.13124859,6864981.0403526
1217,3,631833.23562012,6865750.0973616
1218,1,627337.30037059,6876431.8593664
1219,4,632182.86899215,6864865.2619822
1220,1,636923.75664602,6860080.6112393
1221,1,627311.60409082,6876374.1952394
1222,5,632055.49825454,6865702.2874476
1223,1,632510.97934131,6846524.1711288
1224,1,627386.79692264,6876458.1711683
1225,1,625612.45790455,6853423.1076606
1226,1,627308.44062773,6853467.7393288
1227,1,622239.68460994,6849650.0623282
1228,2,627082.17173372,6853436.2692290
1229,1,627046.69166349,6853510.2108169
1230,2,622292.84237870,6851824.1772151
1231,2,627280.90158148,6875833.4750388
1232,1,626852.38841098,6853421.5660467
1233,1,629500.95606793,6857337.9885553
1234,2,627270.59268074,6875694.0220337
1235,1,627348.15633155,6858030.9675337
1236,1,622399.71241810,6851898.4851666
1237,1,631164.88675167,6873063.4856975
1238,1,627130.46365350,6875953.4617115
1239,2,627188.19759601,6875822.8970364
1240,1,627202.91214032,6875990.9818371
1241,1,629842.91128427,6856293.7233985
1242,3,629447.61301050,6856465.1491146
1243,1,629699.92987457,6856288.2400468
1244,2,629430.52874449,6856402.5799139
1245,3,626220.51864275,6862568.1360848
1246,2,629635.78584997,6856337.7306990
1247,2,616040.28664753,6840418.2398683
1248,1,626083.06096041,6862107.5941362
1249,1,626138.04157369,6862254.2044549
1250,3,629121.09318521,6856431.9638023
1251,3,629388.04455722,6856115.4953186
1252,3,629402.75063035,6856323.5510186
1253,4,629168.94448862,6856237.7514054
1254,2,625860.74065550,6862067.4567445
1255,1,629495.88056198,6856231.3659586
1256,1,625728.88022363,6861967.6245344
1257,6,629254.88514615,6856228.5898369
1258,2,629626.11029732,6857016.2174717
1259,2,629319.44450427,6856153.0183471
1260,1,635784.35776004,6879097.1625544
1261,1,631327.54984054,6873020.6642178
1262,1,636513.33392182,6859998.3895136
1263,1,636710.74095082,6859938.7749744
1264,3,631541.21827920,6873235.0527346
1265,3,613315.22889452,6872996.3400256
1266,3,636523.00077308,6859912.3321224
1267,1,626591.91725407,6862348.0384140
1268,1,613446.33381365,6873147.7100948
1269,1,613710.59340650,6873174.0594676
1270,2,616029.53761697,6840079.1228506
1271,1,632849.33777085,6864865.1478101
1272,1,624461.88881104,6855177.3113653
1273,1,632514.71597932,6865509.0539029
1274,2,631533.85428681,6860141.2441446
1275,1,631628.04362371,6860140.7144164
1276,2,632142.32511950,6864351.2935723
1277,1,621861.36162605,6851528.1605217
1278,1,635764.32055594,6879379.4942380
1279,3,632297.63743697,6864716.4656259
1280,1,625784.20918379,6853290.3357742
1281,2,622323.02309625,6849823.9602578
1282,5,623050.20922603,6849925.8111160
1283,3,631919.35461608,6865558.1348545
1284,3,623342.17518420,6849668.1026705
1285,2,623318.58167169,6849758.0991065
1286,3,622112.68312641,6851516.6588437
1287,4,622879.54613710,6849706.2892965
1288,1,640064.04414840,6871208.2487687
1289,1,622595.35288859,6849807.3387863
1290,1,627851.14732544,6856183.0396810
1291,1,627735.17763303,6856184.2523384
1292,1,621966.56622605,6852316.3449570
1293,1,627849.13110725,6856360.9711558
1294,1,622020.32333762,6852277.4378606
1295,1,631021.75504103,6860640.1266851
1296,1,631535.95382067,6877468.2254096
1297,6,627022.04522392,6856873.1774793
1298,1,631270.18352473,6860336.1580350
1299,1,636849.09723503,6855656.5070420
1300,1,619241.19779028,6853718.4529050
1301,1,613215.15037087,6863808.5455832
1302,2,627622.09923765,6856574.7029347
1303,1,627617.90872432,6856423.0608906
1304,1,619314.08744512,6853467.6064541
1305,2,636605.83842806,6855656.3664696
1306,2,628665.69457177,6855981.4614146
1307,1,631370.02565150,6872703.4338202
1308,1,620049.09601605,6853078.8762691
1309,1,592314.92795794,6873008.6384294
1310,1,596121.12625281,6882462.2934300
1311,1,612997.85064549,6839462.1660968
1312,2,592666.58723810,6872673.2435349
1313,2,631224.32832700,6871554.6898301
1314,1,631035.15249629,6871434.9760427
1315,1,628037.81724707,6856169.9981466
1316,3,639077.56946015,6854282.5251143
1317,1,592591.16489065,6872892.0030936
1318,1,631429.21051421,6872771.7393753
1319,1,638767.67454215,6854343.0891699
1320,1,592553.40788738,6872773.9555933
1321,1,587864.55793033,6884351.1530208
1322,3,638828.33292139,6854262.5994769
1323,3,629917.87407218,6854003.8706325
1324,1,631840.22987859,6872318.2322273
1325,1,637505.01630108,6861317.9015460
1326,1,627257.04603756,6853622.1579817
1327,3,627539.67620779,6853390.4439571
1328,2,631696.63291134,6865970.7265937
1329,1,622912.93086407,6853330.7561559
1330,1,619659.38395624,6862682.0231214
1331,2,613044.91731758,6839076.5254387
1332,1,630755.04033811,6852216.0869325
1333,1,613247.89300158,6838851.9298823
1334,1,613337.52108158,6838912.7295698
1335,1,619628.26621352,6862727.9281202
1336,1,619830.57288563,6862723.6804196
1337,1,619685.56575712,6862627.3804545
1338,3,630423.84923541,6859071.2083643
1339,3,619124.75739867,6861957.6317315
1340,3,592576.44215699,6872377.2506736
1341,1,619052.82482226,6861947.2530566
1342,1,625209.04689604,6831750.0611766
1343,1,591958.91573492,6872222.9903689
1344,1,613331.51863670,6873190.5993689
1345,1,631229.38277043,6852095.1650524
1346,4,613368.90279096,6873287.9535781
1347,2,603757.67544390,6875461.1581392
1348,1,628146.57890025,6856125.0312632
1349,2,631196.70745121,6852625.6504624
1350,1,637334.07438199,6858310.6282893
1351,1,619322.62660369,6861876.4624404
1352,2,631280.67865507,6873179.5586160
1353,1,619264.49667621,6861852.5321500
1354,1,628666.71923351,6855778.2234516
1355,1,635031.11339191,6867181.2534148
1356,1,640204.19021807,6871551.0206099
1357,1,619478.87486328,6861951.3514976
1358,3,625242.77296576,6857966.0417682
1359,1,619113.87857432,6862084.3523193
1360,1,635115.05606316,6867240.4773187
1361,1,619091.01572654,6862147.2370571
1362,1,635060.78124930,6867434.3476154
1363,1,638622.31161797,6856761.9115389
1364,2,622507.02443934,6849561.4511094
1365,4,622782.83739941,6849477.8863249
1366,2,619156.31304035,6862170.9458436
1367,1,639945.81675298,6867762.5718418
1368,3,619170.01946774,6861882.2374969
1369,2,640184.00471498,6867950.5269780
1370,1,639864.84292728,6867705.2355182
1371,1,622393.53507140,6851582.3683202
1372,1,622447.37575081,6851564.4364885
1373,5,610588.74191945,6875648.4545226
1374,1,613037.03768806,6872702.1945018
1375,4,610506.64339102,6875458.4496596
1376,2,613338.09075042,6873386.5244508
1377,3,613369.68176243,6873444.7821691
1378,1,610555.73008743,6875681.0705158
1379,1,613327.01698209,6873581.5848202
1380,2,639355.94803900,6867512.9728054
1381,5,610462.18030409,6875331.9375792
1382,2,610347.60310592,6875218.1625917
1383,2,610550.06847590,6875132.4792187
1384,1,627215.86607348,6875424.1637519
1385,7,610187.21944604,6875041.3948374
1386,1,613254.57840859,6873251.8272124
1387,1,610451.04583938,6875053.5582144
1388,3,613298.73797554,6873497.1403581
1389,1,636961.20550956,6858244.1792568
1390,1,627139.03056387,6875626.3266429
1391,1,631873.65221881,6846521.2420551
1392,1,636597.79664985,6871252.3874830
1393,1,631326.17737044,6873286.4285185
1394,2,630006.63313941,6867288.0788752
1395,1,637119.91359972,6858511.3099848
1396,2,630174.17309766,6867344.2823421
1397,1,610482.13773903,6875529.1932232
1398,1,632839.50850294,6866897.0503760
1399,3,637253.35364495,6858365.7815527
1400,1,637116.75664409,6858346.5096407
1401,2,634486.51476179,6867286.2545466
1402,2,610830.71407740,6875753.6450399
1403,1,634437.26093985,6867416.8593770
1404,1,634400.23453951,6878822.6064337
1405,4,618569.59854827,6862810.8764477
1406,1,636858.86021557,6871835.7811195
1407,1,610011.62661956,6875476.2589715
1408,1,633254.77546215,6864021.2350401
1409,7,620500.47909459,6873219.5372729
1410,7,610216.26692832,6875406.5719679
1411,1,631785.38589830,6865438.2885421
1412,1,630218.06577972,6867126.5701956
1413,2,614346.57602239,6824564.4945207
1414,1,630192.16224295,6867508.1605925
1415,1,610710.22614842,6875714.5539606
1416,1,610715.89391946,6875247.0261716
1417,2,631819.28512102,6865397.5048640
1418,1,617712.07442301,6851062.9267367
1419,1,622654.74332732,6857799.7957819
1420,1,621890.38166256,6851782.4036129
1421,1,610439.78480156,6875214.3037736
1422,1,632857.99709828,6864212.3110386
1423,9,610171.26327006,6875217.9431517
1424,1,621192.44154277,6858375.0837355
1425,2,626144.11548349,6859126.9820669
1426,1,636795.99981760,6871523.5437750
1427,2,610826.80445823,6876017.8043462
1428,1,622009.52939536,6851825.2894729
1429,2,610797.05116481,6875129.6141894
1430,1,626195.80601660,6859015.5613002
1431,4,622275.99372001,6851621.6492503
1432,2,610632.93657311,6875443.8633509
1433,1,622923.89205848,6849850.8179659
1434,5,639175.64112356,6870942.7847016
1435,1,623013.59625675,6849415.6875455
1436,1,622517.83937111,6857682.4272479
1437,2,637007.85564286,6871773.2532187
1438,1,622251.56994597,6879593.0131646
1439,1,614353.11902038,6824358.8485506
1440,2,622840.21310005,6849585.6523091
1441,2,633247.68048864,6877192.9187186
1442,1,630709.35503118,6867283.5713730
1443,1,635185.70442009,6879257.4188806
1444,1,633711.75207978,6863755.3830046
1445,2,620110.21461742,6858593.3793227
1446,1,638083.01093162,6867401.3821092
1447,1,633054.86441174,6863888.8131334
1448,3,638235.16502537,6867198.9821227
1449,2,613432.63429800,6839074.9790575
1450,1,622696.60157838,6879557.2652303
1451,1,613238.87480302,6839068.3725625
1452,1,613283.17300834,6839162.6981744
1453,5,635310.45190752,6879447.3824478
1454,1,612919.42711395,6863042.6801150
1455,3,618592.32594293,6876711.6310965
1456,1,627186.13406792,6875727.6500154
1457,3,624521.35034213,6864552.9320645
1458,1,636824.44154094,6860340.8053025
